Dependency=energy_code_in_force_during_original_building_construction	Dependency=energy_code_compliance_during_original_building_construction	Option=ComStock DOE Ref Pre-1980	Option=ComStock DOE Ref 1980-2004	Option=ComStock 90.1-2004	Option=ComStock 90.1-2007	Option=ComStock 90.1-2010	Option=ComStock 90.1-2013	Option=ComStock 90.1-2016	Option=ComStock 90.1-2019	Option=ComStock DEER Pre-1975	Option=ComStock DEER 1985	Option=ComStock DEER 1996	Option=ComStock DEER 2003	Option=ComStock DEER 2007	Option=ComStock DEER 2011	Option=ComStock DEER 2014	Option=ComStock DEER 2015	Option=ComStock DEER 2017	Option=ComStock DEER 2020
ComStock DOE Ref Pre-1980	lag	1	0	0	0	0	0	0	0	0	0	0	0	0	0	0	0	0	0
ComStock DOE Ref Pre-1980	comply	1	0	0	0	0	0	0	0	0	0	0	0	0	0	0	0	0	0
ComStock DOE Ref Pre-1980	lead	0	1	0	0	0	0	0	0	0	0	0	0	0	0	0	0	0	0
ComStock DOE Ref 1980-2004	lag	1	0	0	0	0	0	0	0	0	0	0	0	0	0	0	0	0	0
ComStock DOE Ref 1980-2004	comply	0	1	0	0	0	0	0	0	0	0	0	0	0	0	0	0	0	0
ComStock DOE Ref 1980-2004	lead	0	0	1	0	0	0	0	0	0	0	0	0	0	0	0	0	0	0
ComStock 90.1-2004	lag	0	1	0	0	0	0	0	0	0	0	0	0	0	0	0	0	0	0
ComStock 90.1-2004	comply	0	0	1	0	0	0	0	0	0	0	0	0	0	0	0	0	0	0
ComStock 90.1-2004	lead	0	0	0	1	0	0	0	0	0	0	0	0	0	0	0	0	0	0
ComStock 90.1-2007	lag	0	0	1	0	0	0	0	0	0	0	0	0	0	0	0	0	0	0
ComStock 90.1-2007	comply	0	0	0	1	0	0	0	0	0	0	0	0	0	0	0	0	0	0
ComStock 90.1-2007	lead	0	0	0	0	1	0	0	0	0	0	0	0	0	0	0	0	0	0
ComStock 90.1-2010	lag	0	0	0	1	0	0	0	0	0	0	0	0	0	0	0	0	0	0
ComStock 90.1-2010	comply	0	0	0	0	1	0	0	0	0	0	0	0	0	0	0	0	0	0
ComStock 90.1-2010	lead	0	0	0	0	0	1	0	0	0	0	0	0	0	0	0	0	0	0
ComStock 90.1-2013	lag	0	0	0	0	1	0	0	0	0	0	0	0	0	0	0	0	0	0
ComStock 90.1-2013	comply	0	0	0	0	0	1	0	0	0	0	0	0	0	0	0	0	0	0
ComStock 90.1-2013	lead	0	0	0	0	0	0	1	0	0	0	0	0	0	0	0	0	0	0
ComStock 90.1-2016	lag	0	0	0	0	0	1	0	0	0	0	0	0	0	0	0	0	0	0
ComStock 90.1-2016	comply	0	0	0	0	0	0	1	0	0	0	0	0	0	0	0	0	0	0
ComStock 90.1-2016	lead	0	0	0	0	0	0	0	1	0	0	0	0	0	0	0	0	0	0
ComStock 90.1-2019	lag	0	0	0	0	0	0	1	0	0	0	0	0	0	0	0	0	0	0
ComStock 90.1-2019	comply	0	0	0	0	0	0	0	1	0	0	0	0	0	0	0	0	0	0
ComStock 90.1-2019	lead	0	0	0	0	0	0	0	1	0	0	0	0	0	0	0	0	0	0
ComStock DEER Pre-1975	lag	0	0	0	0	0	0	0	0	1	0	0	0	0	0	0	0	0	0
ComStock DEER Pre-1975	comply	0	0	0	0	0	0	0	0	1	0	0	0	0	0	0	0	0	0
ComStock DEER Pre-1975	lead	0	0	0	0	0	0	0	0	0	1	0	0	0	0	0	0	0	0
ComStock DEER 1985	lag	0	0	0	0	0	0	0	0	1	0	0	0	0	0	0	0	0	0
ComStock DEER 1985	comply	0	0	0	0	0	0	0	0	0	1	0	0	0	0	0	0	0	0
ComStock DEER 1985	lead	0	0	0	0	0	0	0	0	0	0	1	0	0	0	0	0	0	0
ComStock DEER 1996	lag	0	0	0	0	0	0	0	0	0	1	0	0	0	0	0	0	0	0
ComStock DEER 1996	comply	0	0	0	0	0	0	0	0	0	0	1	0	0	0	0	0	0	0
ComStock DEER 1996	lead	0	0	0	0	0	0	0	0	0	0	0	1	0	0	0	0	0	0
ComStock DEER 2003	lag	0	0	0	0	0	0	0	0	0	0	1	0	0	0	0	0	0	0
ComStock DEER 2003	comply	0	0	0	0	0	0	0	0	0	0	0	1	0	0	0	0	0	0
ComStock DEER 2003	lead	0	0	0	0	0	0	0	0	0	0	0	0	1	0	0	0	0	0
ComStock DEER 2007	lag	0	0	0	0	0	0	0	0	0	0	0	1	0	0	0	0	0	0
ComStock DEER 2007	comply	0	0	0	0	0	0	0	0	0	0	0	0	1	0	0	0	0	0
ComStock DEER 2007	lead	0	0	0	0	0	0	0	0	0	0	0	0	0	1	0	0	0	0
ComStock DEER 2011	lag	0	0	0	0	0	0	0	0	0	0	0	0	1	0	0	0	0	0
ComStock DEER 2011	comply	0	0	0	0	0	0	0	0	0	0	0	0	0	1	0	0	0	0
ComStock DEER 2011	lead	0	0	0	0	0	0	0	0	0	0	0	0	0	0	1	0	0	0
ComStock DEER 2014	lag	0	0	0	0	0	0	0	0	0	0	0	0	0	1	0	0	0	0
ComStock DEER 2014	comply	0	0	0	0	0	0	0	0	0	0	0	0	0	0	1	0	0	0
ComStock DEER 2014	lead	0	0	0	0	0	0	0	0	0	0	0	0	0	0	0	1	0	0
ComStock DEER 2015	lag	0	0	0	0	0	0	0	0	0	0	0	0	0	0	1	0	0	0
ComStock DEER 2015	comply	0	0	0	0	0	0	0	0	0	0	0	0	0	0	0	1	0	0
ComStock DEER 2015	lead	0	0	0	0	0	0	0	0	0	0	0	0	0	0	0	0	1	0
ComStock DEER 2017	lag	0	0	0	0	0	0	0	0	0	0	0	0	0	0	0	1	0	0
ComStock DEER 2017	comply	0	0	0	0	0	0	0	0	0	0	0	0	0	0	0	0	1	0
ComStock DEER 2017	lead	0	0	0	0	0	0	0	0	0	0	0	0	0	0	0	0	0	1
ComStock DEER 2020	lag	0	0	0	0	0	0	0	0	0	0	0	0	0	0	0	0	1	0
ComStock DEER 2020	comply	0	0	0	0	0	0	0	0	0	0	0	0	0	0	0	0	0	1
ComStock DEER 2020	lead	0	0	0	0	0	0	0	0	0	0	0	0	0	0	0	0	0	1
