Dependency=energy_code_followed_during_last_hvac_replacement	Option=0.30	Option=0.35	Option=0.40	Option=0.45	Option=0.50
ComStock DOE Ref Pre-1980	0.05	0.1	0.5	0.25	0.1
ComStock DOE Ref 1980-2004	0.05	0.1	0.5	0.25	0.1
ComStock 90.1-2004	0.15	0.25	0.4	0.1	0.1
ComStock 90.1-2007	0.3	0.25	0.35	0.05	0.05
ComStock 90.1-2010	0.3	0.3	0.3	0.05	0.05
ComStock 90.1-2013	0.3	0.3	0.3	0.1	0
ComStock 90.1-2016	0.35	0.35	0.2	0.1	0
ComStock 90.1-2019	0.35	0.4	0.2	0.05	0
ComStock DEER Pre-1975	0.05	0.1	0.5	0.25	0.1
ComStock DEER 1985	0.05	0.1	0.5	0.25	0.1
ComStock DEER 1996	0.05	0.1	0.5	0.25	0.1
ComStock DEER 2003	0.15	0.25	0.4	0.1	0.1
ComStock DEER 2007	0.25	0.25	0.4	0.05	0.05
ComStock DEER 2011	0.3	0.3	0.3	0.05	0.05
ComStock DEER 2014	0.3	0.3	0.3	0.1	0
ComStock DEER 2015	0.35	0.35	0.2	0.1	0
ComStock DEER 2017	0.35	0.35	0.2	0.1	0
ComStock DEER 2020	0.35	0.4	0.2	0.05	0
