Dependency=heating_fuel	Dependency=building_type	Option=DistrictHeating	Option=Electricity	Option=FuelOil	Option=NaturalGas	Option=Propane
Electricity	small_office	0.0	0.85953211	0.0	0.140395383	7.2507e-05
Electricity	medium_office	0.0	0.85678578	0.0	0.14321422	0.0
Electricity	large_office	0.0	0.873414482	0.0	0.126585518	0.0
Electricity	primary_school	0.0	0.739552593	0.008592724	0.251854683	0.0
Electricity	secondary_school	0.0	0.55487386	0.007824934	0.437301207	0.0
Electricity	strip_mall	0.0	0.681926475	0.0	0.318073525	0.0
Electricity	retail	0.0	0.835106127	0.0	0.164893873	0.0
Electricity	small_hotel	0.0	0.535162362	0.052410816	0.399966226	0.012460595
Electricity	large_hotel	0.029545821	0.092755962	0.0	0.859042563	0.018655653
Electricity	quick_service_restaurant	0.0	0.637050222	0.0	0.362949778	0.0
Electricity	full_service_restaurant	0.0	0.62961786	0.0	0.328603477	0.041778663
Electricity	hospital	0.0	0.252852421	0.0	0.747147579	0.0
Electricity	outpatient	0.0	0.882565447	0.0	0.096412436	0.021022117
Electricity	supermarket	0.0	0.860642378	0.013082447	0.126275175	0.0
Electricity	midrise_apartment	0.0	0.370571826	0.0	0.603684571	0.025743603
Electricity	warehouse	0.0	0.876997571	0.0	0.123002429	0.0
FuelOil	small_office	0.0	0.595685955	0.338224498	0.057592318	0.008497229
FuelOil	medium_office	0.0	0.595685955	0.338224498	0.057592318	0.008497229
FuelOil	large_office	0.0	0.595685955	0.338224498	0.057592318	0.008497229
FuelOil	primary_school	0.0	0.595685955	0.338224498	0.057592318	0.008497229
FuelOil	secondary_school	0.0	0.595685955	0.338224498	0.057592318	0.008497229
FuelOil	strip_mall	0.0	0.595685955	0.338224498	0.057592318	0.008497229
FuelOil	retail	0.0	0.595685955	0.338224498	0.057592318	0.008497229
FuelOil	small_hotel	0.0	0.595685955	0.338224498	0.057592318	0.008497229
FuelOil	large_hotel	0.0	0.595685955	0.338224498	0.057592318	0.008497229
FuelOil	quick_service_restaurant	0.0	0.595685955	0.338224498	0.057592318	0.008497229
FuelOil	full_service_restaurant	0.0	0.595685955	0.338224498	0.057592318	0.008497229
FuelOil	hospital	0.0	0.595685955	0.338224498	0.057592318	0.008497229
FuelOil	outpatient	0.0	0.595685955	0.338224498	0.057592318	0.008497229
FuelOil	supermarket	0.0	0.595685955	0.338224498	0.057592318	0.008497229
FuelOil	midrise_apartment	0.0	0.595685955	0.338224498	0.057592318	0.008497229
FuelOil	warehouse	0.0	0.595685955	0.338224498	0.057592318	0.008497229
NaturalGas	small_office	0.0	0.468904643	0.0	0.531095357	0.0
NaturalGas	medium_office	0.0	0.360218248	0.0	0.639781752	0.0
NaturalGas	large_office	0.004395556	0.301210226	0.0	0.694394218	0.0
NaturalGas	primary_school	0.0	0.219035969	0.000122797	0.780841234	0.0
NaturalGas	secondary_school	0.0	0.254486646	0.0	0.745513354	0.0
NaturalGas	strip_mall	0.0	0.253253259	0.0	0.746746741	0.0
NaturalGas	retail	0.0	0.532910038	0.0	0.467089962	0.0
NaturalGas	small_hotel	0.0	0.0	0.0	1.0	0.0
NaturalGas	large_hotel	0.0	0.002657525	0.0	0.997342475	0.0
NaturalGas	quick_service_restaurant	0.0	0.164881636	0.0	0.835118364	0.0
NaturalGas	full_service_restaurant	0.0	0.149939118	0.0	0.850060882	0.0
NaturalGas	hospital	0.003419895	0.024847369	0.00193197	0.969800766	0.0
NaturalGas	outpatient	0.0	0.319416837	0.0	0.680583163	0.0
NaturalGas	supermarket	0.0	0.234358538	0.0	0.765641462	0.0
NaturalGas	midrise_apartment	0.0	0.0	0.0	1.0	0.0
NaturalGas	warehouse	0.0	0.463562061	0.005779541	0.530658398	0.0
Propane	small_office	0.0	0.497102958	0.0	0.011997416	0.490899626
Propane	medium_office	0.0	0.497102958	0.0	0.011997416	0.490899626
Propane	large_office	0.0	0.497102958	0.0	0.011997416	0.490899626
Propane	primary_school	0.0	0.497102958	0.0	0.011997416	0.490899626
Propane	secondary_school	0.0	0.497102958	0.0	0.011997416	0.490899626
Propane	strip_mall	0.0	0.497102958	0.0	0.011997416	0.490899626
Propane	retail	0.0	0.497102958	0.0	0.011997416	0.490899626
Propane	small_hotel	0.0	0.497102958	0.0	0.011997416	0.490899626
Propane	large_hotel	0.0	0.497102958	0.0	0.011997416	0.490899626
Propane	quick_service_restaurant	0.0	0.497102958	0.0	0.011997416	0.490899626
Propane	full_service_restaurant	0.0	0.497102958	0.0	0.011997416	0.490899626
Propane	hospital	0.0	0.497102958	0.0	0.011997416	0.490899626
Propane	outpatient	0.0	0.497102958	0.0	0.011997416	0.490899626
Propane	supermarket	0.0	0.497102958	0.0	0.011997416	0.490899626
Propane	midrise_apartment	0.0	0.497102958	0.0	0.011997416	0.490899626
Propane	warehouse	0.0	0.497102958	0.0	0.011997416	0.490899626
NoHeating	small_office	0.0	0.733126121	0.009473307	0.211350977	0.046049595
NoHeating	medium_office	0.0	0.733126121	0.009473307	0.211350977	0.046049595
NoHeating	large_office	0.0	0.733126121	0.009473307	0.211350977	0.046049595
NoHeating	primary_school	0.0	0.733126121	0.009473307	0.211350977	0.046049595
NoHeating	secondary_school	0.0	0.733126121	0.009473307	0.211350977	0.046049595
NoHeating	strip_mall	0.0	0.733126121	0.009473307	0.211350977	0.046049595
NoHeating	retail	0.0	0.733126121	0.009473307	0.211350977	0.046049595
NoHeating	small_hotel	0.0	0.733126121	0.009473307	0.211350977	0.046049595
NoHeating	large_hotel	0.0	0.733126121	0.009473307	0.211350977	0.046049595
NoHeating	quick_service_restaurant	0.0	0.733126121	0.009473307	0.211350977	0.046049595
NoHeating	full_service_restaurant	0.0	0.733126121	0.009473307	0.211350977	0.046049595
NoHeating	hospital	0.0	0.733126121	0.009473307	0.211350977	0.046049595
NoHeating	outpatient	0.0	0.733126121	0.009473307	0.211350977	0.046049595
NoHeating	supermarket	0.0	0.733126121	0.009473307	0.211350977	0.046049595
NoHeating	midrise_apartment	0.0	0.733126121	0.009473307	0.211350977	0.046049595
NoHeating	warehouse	0.0	0.733126121	0.009473307	0.211350977	0.046049595
DistrictHeating	small_office	0.405293008	0.365232095	0.0	0.229474897	0.0
DistrictHeating	medium_office	0.405293008	0.365232095	0.0	0.229474897	0.0
DistrictHeating	large_office	0.405293008	0.365232095	0.0	0.229474897	0.0
DistrictHeating	primary_school	0.405293008	0.365232095	0.0	0.229474897	0.0
DistrictHeating	secondary_school	0.405293008	0.365232095	0.0	0.229474897	0.0
DistrictHeating	strip_mall	0.405293008	0.365232095	0.0	0.229474897	0.0
DistrictHeating	retail	0.405293008	0.365232095	0.0	0.229474897	0.0
DistrictHeating	small_hotel	0.405293008	0.365232095	0.0	0.229474897	0.0
DistrictHeating	large_hotel	0.405293008	0.365232095	0.0	0.229474897	0.0
DistrictHeating	quick_service_restaurant	0.405293008	0.365232095	0.0	0.229474897	0.0
DistrictHeating	full_service_restaurant	0.405293008	0.365232095	0.0	0.229474897	0.0
DistrictHeating	hospital	0.405293008	0.365232095	0.0	0.229474897	0.0
DistrictHeating	outpatient	0.405293008	0.365232095	0.0	0.229474897	0.0
DistrictHeating	supermarket	0.405293008	0.365232095	0.0	0.229474897	0.0
DistrictHeating	midrise_apartment	0.405293008	0.365232095	0.0	0.229474897	0.0
DistrictHeating	warehouse	0.405293008	0.365232095	0.0	0.229474897	0.0
