Dependency=building_type	Option=NA	Option=largeoffice_default	Option=largeoffice_nodatacenter	Option=largeoffice_datacenter	Option=mediumoffice_default	Option=mediumoffice_nodatacenter	Option=mediumoffice_datacenter	Option=warehouse_default	Option=warehouse_bulk100	Option=warehouse_fine100	Option=warehouse_bulk80	Option=warehouse_bulk40	Option=warehouse_bulk20	Option=strip_mall_default	Option=strip_mall_restaurant0	Option=strip_mall_restaurant10	Option=strip_mall_restaurant20	Option=strip_mall_restaurant30	Option=strip_mall_restaurant40
secondary_school	1	0	0.0	0.0	0	0.0	0.0	0	0	0	0	0	0	0	0.0	0.0	0.0	0.0	0.0
primary_school	1	0	0.0	0.0	0	0.0	0.0	0	0	0	0	0	0	0	0.0	0.0	0.0	0.0	0.0
small_office	1	0	0.0	0.0	0	0.0	0.0	0	0	0	0	0	0	0	0.0	0.0	0.0	0.0	0.0
medium_office	0	0	0.0	0.0	0	0.8	0.2	0	0	0	0	0	0	0	0.0	0.0	0.0	0.0	0.0
large_office	0	0	0.62	0.38	0	0.0	0.0	0	0	0	0	0	0	0	0.0	0.0	0.0	0.0	0.0
small_hotel	1	0	0.0	0.0	0	0.0	0.0	0	0	0	0	0	0	0	0.0	0.0	0.0	0.0	0.0
large_hotel	1	0	0.0	0.0	0	0.0	0.0	0	0	0	0	0	0	0	0.0	0.0	0.0	0.0	0.0
warehouse	1	0	0.0	0.0	0	0.0	0.0	0	0	0	0	0	0	0	0.0	0.0	0.0	0.0	0.0
retail	1	0	0.0	0.0	0	0.0	0.0	0	0	0	0	0	0	0	0.0	0.0	0.0	0.0	0.0
strip_mall	0	0	0.0	0.0	0	0.0	0.0	0	0	0	0	0	0	0	0.05	0.25	0.4	0.25	0.05
quick_service_restaurant	1	0	0.0	0.0	0	0.0	0.0	0	0	0	0	0	0	0	0.0	0.0	0.0	0.0	0.0
full_service_restaurant	1	0	0.0	0.0	0	0.0	0.0	0	0	0	0	0	0	0	0.0	0.0	0.0	0.0	0.0
highrise_apartment	1	0	0.0	0.0	0	0.0	0.0	0	0	0	0	0	0	0	0.0	0.0	0.0	0.0	0.0
hospital	1	0	0.0	0.0	0	0.0	0.0	0	0	0	0	0	0	0	0.0	0.0	0.0	0.0	0.0
outpatient	1	0	0.0	0.0	0	0.0	0.0	0	0	0	0	0	0	0	0.0	0.0	0.0	0.0	0.0
grocery	1	0	0.0	0.0	0	0.0	0.0	0	0	0	0	0	0	0	0.0	0.0	0.0	0.0	0.0
