Dependency=building_type	Option=no_modification	Option=foodservice_restaurant_ltg_bpr_no_strict_schedule	Option=foodservice_restaurant_ltg_bpr_all_off	Option=foodservice_restaurant_ltg_bpr_almost_off	Option=office_ltg_bpr_almost_off	Option=office_ltg_bpr_no_strict_schedule_towards_off	Option=office_ltg_bpr_no_strict_schedule_towards_on	Option=education_school_ltg_bpr_some_off_some_on	Option=education_school_ltg_bpr_no_strict_schedule_towards_off	Option=education_school_ltg_bpr_no_strict_schedule_towards_on	Option=mercantile_retail_ltg_bpr_all_off	Option=mercantile_retail_ltg_bpr_no_strict_schedule	Option=mercantile_retail_ltg_bpr_almost_off
full_service_restaurant	0	0.526717557	0.244274809	0.229007634	0.0	0.0	0.0	0.0	0.0	0.0	0.0	0.0	0.0
hospital	1	0.0	0.0	0.0	0.0	0.0	0.0	0.0	0.0	0.0	0.0	0.0	0.0
large_hotel	1	0.0	0.0	0.0	0.0	0.0	0.0	0.0	0.0	0.0	0.0	0.0	0.0
large_office	0	0.0	0.0	0.0	0.52173913	0.391304348	0.086956522	0.0	0.0	0.0	0.0	0.0	0.0
medium_office	0	0.0	0.0	0.0	0.52173913	0.391304348	0.086956522	0.0	0.0	0.0	0.0	0.0	0.0
outpatient	1	0.0	0.0	0.0	0.0	0.0	0.0	0.0	0.0	0.0	0.0	0.0	0.0
primary_school	0	0.0	0.0	0.0	0.0	0.0	0.0	0.4	0.32	0.28	0.0	0.0	0.0
quick_service_restaurant	0	0.526717557	0.244274809	0.229007634	0.0	0.0	0.0	0.0	0.0	0.0	0.0	0.0	0.0
retail	0	0.0	0.0	0.0	0.0	0.0	0.0	0.0	0.0	0.0	0.546615581	0.378033206	0.075351213
secondary_school	0	0.0	0.0	0.0	0.0	0.0	0.0	0.4	0.32	0.28	0.0	0.0	0.0
small_hotel	1	0.0	0.0	0.0	0.0	0.0	0.0	0.0	0.0	0.0	0.0	0.0	0.0
small_office	0	0.0	0.0	0.0	0.52173913	0.391304348	0.086956522	0.0	0.0	0.0	0.0	0.0	0.0
strip_mall	0	0.0	0.0	0.0	0.0	0.0	0.0	0.0	0.0	0.0	0.546615581	0.378033206	0.075351213
warehouse	1	0.0	0.0	0.0	0.0	0.0	0.0	0.0	0.0	0.0	0.0	0.0	0.0
supermarket	1	0.0	0.0	0.0	0.0	0.0	0.0	0.0	0.0	0.0	0.0	0.0	0.0
grocery	0	0.0	0.0	0.0	0.0	0.0	0.0	0.0	0.0	0.0	0.546615581	0.378033206	0.075351213
