Dependency=building_type	Option=no_modification	Option=foodservice_restaurant_plugload_bpr_all_off	Option=foodservice_restaurant_plugload_bpr_no_strict_schedule_towards_off	Option=foodservice_restaurant_plugload_bpr_almost_off	Option=mercantile_retail_plugload_bpr_some_off_some_on	Option=mercantile_retail_plugload_bpr_no_strict_schedule_towards_off	Option=mercantile_retail_plugload_bpr_no_strict_schedule	Option=education_school_plugload_bpr_some_off_some_on	Option=education_school_plugload_bpr_no_strict_schedule	Option=education_school_plugload_bpr_no_strict_schedule_towards_off	Option=office_plugload_bpr_almost_on	Option=office_plugload_bpr_no_strict_schedule_towards_off	Option=office_plugload_bpr_no_strict_schedule
full_service_restaurant	0	0.7430769230769231	0.1461538461538461	0.1107692307692307	0.0	0.0	0.0	0.0	0.0	0.0	0.0	0.0	0.0
hospital	1	0.0	0.0	0.0	0.0	0.0	0.0	0.0	0.0	0.0	0.0	0.0	0.0
large_hotel	1	0.0	0.0	0.0	0.0	0.0	0.0	0.0	0.0	0.0	0.0	0.0	0.0
large_office	0	0.0	0.0	0.0	0.0	0.0	0.0	0.0	0.0	0.0	0.375	0.34375	0.28125
medium_office	0	0.0	0.0	0.0	0.0	0.0	0.0	0.0	0.0	0.0	0.375	0.34375	0.28125
outpatient	1	0.0	0.0	0.0	0.0	0.0	0.0	0.0	0.0	0.0	0.0	0.0	0.0
primary_school	0	0.0	0.0	0.0	0.0	0.0	0.0	0.4583333333333333	0.2916666666666667	0.25	0.0	0.0	0.0
quick_service_restaurant	0	0.7430769230769231	0.1461538461538461	0.1107692307692307	0.0	0.0	0.0	0.0	0.0	0.0	0.0	0.0	0.0
retail	0	0.0	0.0	0.0	0.5192307692307693	0.3269230769230769	0.1538461538461538	0.0	0.0	0.0	0.0	0.0	0.0
secondary_school	0	0.0	0.0	0.0	0.0	0.0	0.0	0.4583333333333333	0.2916666666666667	0.25	0.0	0.0	0.0
small_hotel	1	0.0	0.0	0.0	0.0	0.0	0.0	0.0	0.0	0.0	0.0	0.0	0.0
small_office	0	0.0	0.0	0.0	0.0	0.0	0.0	0.0	0.0	0.0	0.375	0.34375	0.28125
strip_mall	0	0.0	0.0	0.0	0.5192307692307693	0.3269230769230769	0.1538461538461538	0.0	0.0	0.0	0.0	0.0	0.0
warehouse	1	0.0	0.0	0.0	0.0	0.0	0.0	0.0	0.0	0.0	0.0	0.0	0.0
supermarket	1	0.0	0.0	0.0	0.0	0.0	0.0	0.0	0.0	0.0	0.0	0.0	0.0
grocery	0	0.0	0.0	0.0	0.5192307692307693	0.3269230769230769	0.1538461538461538	0.0	0.0	0.0	0.0	0.0	0.0
