Dependency=hvac_system_type	Dependency=building_type	Option=night_fanon_vent	Option=night_fancycle_vent	Option=night_fancycle_novent	Option=default_nochange
Baseboard district hot water	full_service_restaurant	0.0	0.0	0.0	1
Baseboard district hot water	hospital	0.0	0.0	0.0	1
Baseboard district hot water	large_hotel	0.0	0.0	0.0	1
Baseboard district hot water	large_office	0.0	0.0	0.0	1
Baseboard district hot water	medium_office	0.0	0.0	0.0	1
Baseboard district hot water	midrise_apartment	0.0	0.0	0.0	1
Baseboard district hot water	outpatient	0.0	0.0	0.0	1
Baseboard district hot water	primary_school	0.0	0.0	0.0	1
Baseboard district hot water	quick_service_restaurant	0.0	0.0	0.0	1
Baseboard district hot water	retail	0.0	0.0	0.0	1
Baseboard district hot water	secondary_school	0.0	0.0	0.0	1
Baseboard district hot water	small_hotel	0.0	0.0	0.0	1
Baseboard district hot water	small_office	0.0	0.0	0.0	1
Baseboard district hot water	strip_mall	0.0	0.0	0.0	1
Baseboard district hot water	warehouse	0.0	0.0	0.0	1
Baseboard electric	full_service_restaurant	0.0	0.0	0.0	1
Baseboard electric	hospital	0.0	0.0	0.0	1
Baseboard electric	large_hotel	0.0	0.0	0.0	1
Baseboard electric	large_office	0.0	0.0	0.0	1
Baseboard electric	medium_office	0.0	0.0	0.0	1
Baseboard electric	midrise_apartment	0.0	0.0	0.0	1
Baseboard electric	outpatient	0.0	0.0	0.0	1
Baseboard electric	primary_school	0.0	0.0	0.0	1
Baseboard electric	quick_service_restaurant	0.0	0.0	0.0	1
Baseboard electric	retail	0.0	0.0	0.0	1
Baseboard electric	secondary_school	0.0	0.0	0.0	1
Baseboard electric	small_hotel	0.0	0.0	0.0	1
Baseboard electric	small_office	0.0	0.0	0.0	1
Baseboard electric	strip_mall	0.0	0.0	0.0	1
Baseboard electric	warehouse	0.0	0.0	0.0	1
Baseboard gas boiler	full_service_restaurant	0.0	0.0	0.0	1
Baseboard gas boiler	hospital	0.0	0.0	0.0	1
Baseboard gas boiler	large_hotel	0.0	0.0	0.0	1
Baseboard gas boiler	large_office	0.0	0.0	0.0	1
Baseboard gas boiler	medium_office	0.0	0.0	0.0	1
Baseboard gas boiler	midrise_apartment	0.0	0.0	0.0	1
Baseboard gas boiler	outpatient	0.0	0.0	0.0	1
Baseboard gas boiler	primary_school	0.0	0.0	0.0	1
Baseboard gas boiler	quick_service_restaurant	0.0	0.0	0.0	1
Baseboard gas boiler	retail	0.0	0.0	0.0	1
Baseboard gas boiler	secondary_school	0.0	0.0	0.0	1
Baseboard gas boiler	small_hotel	0.0	0.0	0.0	1
Baseboard gas boiler	small_office	0.0	0.0	0.0	1
Baseboard gas boiler	strip_mall	0.0	0.0	0.0	1
Baseboard gas boiler	warehouse	0.0	0.0	0.0	1
DOAS with VRF	full_service_restaurant	0.0	0.0	0.0	1
DOAS with VRF	hospital	0.0	0.0	0.0	1
DOAS with VRF	large_hotel	0.0	0.0	0.0	1
DOAS with VRF	large_office	0.0	0.0	0.0	1
DOAS with VRF	medium_office	0.0	0.0	0.0	1
DOAS with VRF	midrise_apartment	0.0	0.0	0.0	1
DOAS with VRF	outpatient	0.0	0.0	0.0	1
DOAS with VRF	primary_school	0.0	0.0	0.0	1
DOAS with VRF	quick_service_restaurant	0.0	0.0	0.0	1
DOAS with VRF	retail	0.0	0.0	0.0	1
DOAS with VRF	secondary_school	0.0	0.0	0.0	1
DOAS with VRF	small_hotel	0.0	0.0	0.0	1
DOAS with VRF	small_office	0.0	0.0	0.0	1
DOAS with VRF	strip_mall	0.0	0.0	0.0	1
DOAS with VRF	warehouse	0.0	0.0	0.0	1
DOAS with fan coil air-cooled chiller with boiler	full_service_restaurant	0.0	0.0	0.0	1
DOAS with fan coil air-cooled chiller with boiler	hospital	0.0	0.0	0.0	1
DOAS with fan coil air-cooled chiller with boiler	large_hotel	0.0	0.0	0.0	1
DOAS with fan coil air-cooled chiller with boiler	large_office	0.0	0.0	0.0	1
DOAS with fan coil air-cooled chiller with boiler	medium_office	0.0	0.0	0.0	1
DOAS with fan coil air-cooled chiller with boiler	midrise_apartment	0.0	0.0	0.0	1
DOAS with fan coil air-cooled chiller with boiler	outpatient	0.0	0.0	0.0	1
DOAS with fan coil air-cooled chiller with boiler	primary_school	0.0	0.0	0.0	1
DOAS with fan coil air-cooled chiller with boiler	quick_service_restaurant	0.0	0.0	0.0	1
DOAS with fan coil air-cooled chiller with boiler	retail	0.0	0.0	0.0	1
DOAS with fan coil air-cooled chiller with boiler	secondary_school	0.0	0.0	0.0	1
DOAS with fan coil air-cooled chiller with boiler	small_hotel	0.0	0.0	0.0	1
DOAS with fan coil air-cooled chiller with boiler	small_office	0.0	0.0	0.0	1
DOAS with fan coil air-cooled chiller with boiler	strip_mall	0.0	0.0	0.0	1
DOAS with fan coil air-cooled chiller with boiler	warehouse	0.0	0.0	0.0	1
DOAS with fan coil air-cooled chiller with baseboard electric	full_service_restaurant	0.0	0.0	0.0	1
DOAS with fan coil air-cooled chiller with baseboard electric	hospital	0.0	0.0	0.0	1
DOAS with fan coil air-cooled chiller with baseboard electric	large_hotel	0.0	0.0	0.0	1
DOAS with fan coil air-cooled chiller with baseboard electric	large_office	0.0	0.0	0.0	1
DOAS with fan coil air-cooled chiller with baseboard electric	medium_office	0.0	0.0	0.0	1
DOAS with fan coil air-cooled chiller with baseboard electric	midrise_apartment	0.0	0.0	0.0	1
DOAS with fan coil air-cooled chiller with baseboard electric	outpatient	0.0	0.0	0.0	1
DOAS with fan coil air-cooled chiller with baseboard electric	primary_school	0.0	0.0	0.0	1
DOAS with fan coil air-cooled chiller with baseboard electric	quick_service_restaurant	0.0	0.0	0.0	1
DOAS with fan coil air-cooled chiller with baseboard electric	retail	0.0	0.0	0.0	1
DOAS with fan coil air-cooled chiller with baseboard electric	secondary_school	0.0	0.0	0.0	1
DOAS with fan coil air-cooled chiller with baseboard electric	small_hotel	0.0	0.0	0.0	1
DOAS with fan coil air-cooled chiller with baseboard electric	small_office	0.0	0.0	0.0	1
DOAS with fan coil air-cooled chiller with baseboard electric	strip_mall	0.0	0.0	0.0	1
DOAS with fan coil air-cooled chiller with baseboard electric	warehouse	0.0	0.0	0.0	1
DOAS with fan coil air-cooled chiller with district hot water	full_service_restaurant	0.0	0.0	0.0	1
DOAS with fan coil air-cooled chiller with district hot water	hospital	0.0	0.0	0.0	1
DOAS with fan coil air-cooled chiller with district hot water	large_hotel	0.0	0.0	0.0	1
DOAS with fan coil air-cooled chiller with district hot water	large_office	0.0	0.0	0.0	1
DOAS with fan coil air-cooled chiller with district hot water	medium_office	0.0	0.0	0.0	1
DOAS with fan coil air-cooled chiller with district hot water	midrise_apartment	0.0	0.0	0.0	1
DOAS with fan coil air-cooled chiller with district hot water	outpatient	0.0	0.0	0.0	1
DOAS with fan coil air-cooled chiller with district hot water	primary_school	0.0	0.0	0.0	1
DOAS with fan coil air-cooled chiller with district hot water	quick_service_restaurant	0.0	0.0	0.0	1
DOAS with fan coil air-cooled chiller with district hot water	retail	0.0	0.0	0.0	1
DOAS with fan coil air-cooled chiller with district hot water	secondary_school	0.0	0.0	0.0	1
DOAS with fan coil air-cooled chiller with district hot water	small_hotel	0.0	0.0	0.0	1
DOAS with fan coil air-cooled chiller with district hot water	small_office	0.0	0.0	0.0	1
DOAS with fan coil air-cooled chiller with district hot water	strip_mall	0.0	0.0	0.0	1
DOAS with fan coil air-cooled chiller with district hot water	warehouse	0.0	0.0	0.0	1
DOAS with fan coil chiller with boiler	full_service_restaurant	0.0	0.0	0.0	1
DOAS with fan coil chiller with boiler	hospital	0.0	0.0	0.0	1
DOAS with fan coil chiller with boiler	large_hotel	0.0	0.0	0.0	1
DOAS with fan coil chiller with boiler	large_office	0.0	0.0	0.0	1
DOAS with fan coil chiller with boiler	medium_office	0.0	0.0	0.0	1
DOAS with fan coil chiller with boiler	midrise_apartment	0.0	0.0	0.0	1
DOAS with fan coil chiller with boiler	outpatient	0.0	0.0	0.0	1
DOAS with fan coil chiller with boiler	primary_school	0.0	0.0	0.0	1
DOAS with fan coil chiller with boiler	quick_service_restaurant	0.0	0.0	0.0	1
DOAS with fan coil chiller with boiler	retail	0.0	0.0	0.0	1
DOAS with fan coil chiller with boiler	secondary_school	0.0	0.0	0.0	1
DOAS with fan coil chiller with boiler	small_hotel	0.0	0.0	0.0	1
DOAS with fan coil chiller with boiler	small_office	0.0	0.0	0.0	1
DOAS with fan coil chiller with boiler	strip_mall	0.0	0.0	0.0	1
DOAS with fan coil chiller with boiler	warehouse	0.0	0.0	0.0	1
DOAS with fan coil chiller with district hot water	full_service_restaurant	0.0	0.0	0.0	1
DOAS with fan coil chiller with district hot water	hospital	0.0	0.0	0.0	1
DOAS with fan coil chiller with district hot water	large_hotel	0.0	0.0	0.0	1
DOAS with fan coil chiller with district hot water	large_office	0.0	0.0	0.0	1
DOAS with fan coil chiller with district hot water	medium_office	0.0	0.0	0.0	1
DOAS with fan coil chiller with district hot water	midrise_apartment	0.0	0.0	0.0	1
DOAS with fan coil chiller with district hot water	outpatient	0.0	0.0	0.0	1
DOAS with fan coil chiller with district hot water	primary_school	0.0	0.0	0.0	1
DOAS with fan coil chiller with district hot water	quick_service_restaurant	0.0	0.0	0.0	1
DOAS with fan coil chiller with district hot water	retail	0.0	0.0	0.0	1
DOAS with fan coil chiller with district hot water	secondary_school	0.0	0.0	0.0	1
DOAS with fan coil chiller with district hot water	small_hotel	0.0	0.0	0.0	1
DOAS with fan coil chiller with district hot water	small_office	0.0	0.0	0.0	1
DOAS with fan coil chiller with district hot water	strip_mall	0.0	0.0	0.0	1
DOAS with fan coil chiller with district hot water	warehouse	0.0	0.0	0.0	1
DOAS with fan coil district chilled water with district hot water	full_service_restaurant	0.0	0.0	0.0	1
DOAS with fan coil district chilled water with district hot water	hospital	0.0	0.0	0.0	1
DOAS with fan coil district chilled water with district hot water	large_hotel	0.0	0.0	0.0	1
DOAS with fan coil district chilled water with district hot water	large_office	0.0	0.0	0.0	1
DOAS with fan coil district chilled water with district hot water	medium_office	0.0	0.0	0.0	1
DOAS with fan coil district chilled water with district hot water	midrise_apartment	0.0	0.0	0.0	1
DOAS with fan coil district chilled water with district hot water	outpatient	0.0	0.0	0.0	1
DOAS with fan coil district chilled water with district hot water	primary_school	0.0	0.0	0.0	1
DOAS with fan coil district chilled water with district hot water	quick_service_restaurant	0.0	0.0	0.0	1
DOAS with fan coil district chilled water with district hot water	retail	0.0	0.0	0.0	1
DOAS with fan coil district chilled water with district hot water	secondary_school	0.0	0.0	0.0	1
DOAS with fan coil district chilled water with district hot water	small_hotel	0.0	0.0	0.0	1
DOAS with fan coil district chilled water with district hot water	small_office	0.0	0.0	0.0	1
DOAS with fan coil district chilled water with district hot water	strip_mall	0.0	0.0	0.0	1
DOAS with fan coil district chilled water with district hot water	warehouse	0.0	0.0	0.0	1
DOAS with fan coil district chilled water with district baseboard electric	full_service_restaurant	0.0	0.0	0.0	1
DOAS with fan coil district chilled water with district baseboard electric	hospital	0.0	0.0	0.0	1
DOAS with fan coil district chilled water with district baseboard electric	large_hotel	0.0	0.0	0.0	1
DOAS with fan coil district chilled water with district baseboard electric	large_office	0.0	0.0	0.0	1
DOAS with fan coil district chilled water with district baseboard electric	medium_office	0.0	0.0	0.0	1
DOAS with fan coil district chilled water with district baseboard electric	midrise_apartment	0.0	0.0	0.0	1
DOAS with fan coil district chilled water with district baseboard electric	outpatient	0.0	0.0	0.0	1
DOAS with fan coil district chilled water with district baseboard electric	primary_school	0.0	0.0	0.0	1
DOAS with fan coil district chilled water with district baseboard electric	quick_service_restaurant	0.0	0.0	0.0	1
DOAS with fan coil district chilled water with district baseboard electric	retail	0.0	0.0	0.0	1
DOAS with fan coil district chilled water with district baseboard electric	secondary_school	0.0	0.0	0.0	1
DOAS with fan coil district chilled water with district baseboard electric	small_hotel	0.0	0.0	0.0	1
DOAS with fan coil district chilled water with district baseboard electric	small_office	0.0	0.0	0.0	1
DOAS with fan coil district chilled water with district baseboard electric	strip_mall	0.0	0.0	0.0	1
DOAS with fan coil district chilled water with district baseboard electric	warehouse	0.0	0.0	0.0	1
DOAS with fan coil district chilled water with boiler	full_service_restaurant	0.0	0.0	0.0	1
DOAS with fan coil district chilled water with boiler	hospital	0.0	0.0	0.0	1
DOAS with fan coil district chilled water with boiler	large_hotel	0.0	0.0	0.0	1
DOAS with fan coil district chilled water with boiler	large_office	0.0	0.0	0.0	1
DOAS with fan coil district chilled water with boiler	medium_office	0.0	0.0	0.0	1
DOAS with fan coil district chilled water with boiler	midrise_apartment	0.0	0.0	0.0	1
DOAS with fan coil district chilled water with boiler	outpatient	0.0	0.0	0.0	1
DOAS with fan coil district chilled water with boiler	primary_school	0.0	0.0	0.0	1
DOAS with fan coil district chilled water with boiler	quick_service_restaurant	0.0	0.0	0.0	1
DOAS with fan coil district chilled water with boiler	retail	0.0	0.0	0.0	1
DOAS with fan coil district chilled water with boiler	secondary_school	0.0	0.0	0.0	1
DOAS with fan coil district chilled water with boiler	small_hotel	0.0	0.0	0.0	1
DOAS with fan coil district chilled water with boiler	small_office	0.0	0.0	0.0	1
DOAS with fan coil district chilled water with boiler	strip_mall	0.0	0.0	0.0	1
DOAS with fan coil district chilled water with boiler	warehouse	0.0	0.0	0.0	1
DOAS with fan coil district chilled water with baseboard electric	full_service_restaurant	0.0	0.0	0.0	1
DOAS with fan coil district chilled water with baseboard electric	hospital	0.0	0.0	0.0	1
DOAS with fan coil district chilled water with baseboard electric	large_hotel	0.0	0.0	0.0	1
DOAS with fan coil district chilled water with baseboard electric	large_office	0.0	0.0	0.0	1
DOAS with fan coil district chilled water with baseboard electric	medium_office	0.0	0.0	0.0	1
DOAS with fan coil district chilled water with baseboard electric	midrise_apartment	0.0	0.0	0.0	1
DOAS with fan coil district chilled water with baseboard electric	outpatient	0.0	0.0	0.0	1
DOAS with fan coil district chilled water with baseboard electric	primary_school	0.0	0.0	0.0	1
DOAS with fan coil district chilled water with baseboard electric	quick_service_restaurant	0.0	0.0	0.0	1
DOAS with fan coil district chilled water with baseboard electric	retail	0.0	0.0	0.0	1
DOAS with fan coil district chilled water with baseboard electric	secondary_school	0.0	0.0	0.0	1
DOAS with fan coil district chilled water with baseboard electric	small_hotel	0.0	0.0	0.0	1
DOAS with fan coil district chilled water with baseboard electric	small_office	0.0	0.0	0.0	1
DOAS with fan coil district chilled water with baseboard electric	strip_mall	0.0	0.0	0.0	1
DOAS with fan coil district chilled water with baseboard electric	warehouse	0.0	0.0	0.0	1
DOAS with water source heat pumps cooling tower with boiler	full_service_restaurant	0.0	0.0	0.0	1
DOAS with water source heat pumps cooling tower with boiler	hospital	0.0	0.0	0.0	1
DOAS with water source heat pumps cooling tower with boiler	large_hotel	0.0	0.0	0.0	1
DOAS with water source heat pumps cooling tower with boiler	large_office	0.0	0.0	0.0	1
DOAS with water source heat pumps cooling tower with boiler	medium_office	0.0	0.0	0.0	1
DOAS with water source heat pumps cooling tower with boiler	midrise_apartment	0.0	0.0	0.0	1
DOAS with water source heat pumps cooling tower with boiler	outpatient	0.0	0.0	0.0	1
DOAS with water source heat pumps cooling tower with boiler	primary_school	0.0	0.0	0.0	1
DOAS with water source heat pumps cooling tower with boiler	quick_service_restaurant	0.0	0.0	0.0	1
DOAS with water source heat pumps cooling tower with boiler	retail	0.0	0.0	0.0	1
DOAS with water source heat pumps cooling tower with boiler	secondary_school	0.0	0.0	0.0	1
DOAS with water source heat pumps cooling tower with boiler	small_hotel	0.0	0.0	0.0	1
DOAS with water source heat pumps cooling tower with boiler	small_office	0.0	0.0	0.0	1
DOAS with water source heat pumps cooling tower with boiler	strip_mall	0.0	0.0	0.0	1
DOAS with water source heat pumps cooling tower with boiler	warehouse	0.0	0.0	0.0	1
DOAS with water source heat pumps district chilled water with district hot water	full_service_restaurant	0.0	0.0	0.0	1
DOAS with water source heat pumps district chilled water with district hot water	hospital	0.0	0.0	0.0	1
DOAS with water source heat pumps district chilled water with district hot water	large_hotel	0.0	0.0	0.0	1
DOAS with water source heat pumps district chilled water with district hot water	large_office	0.0	0.0	0.0	1
DOAS with water source heat pumps district chilled water with district hot water	medium_office	0.0	0.0	0.0	1
DOAS with water source heat pumps district chilled water with district hot water	midrise_apartment	0.0	0.0	0.0	1
DOAS with water source heat pumps district chilled water with district hot water	outpatient	0.0	0.0	0.0	1
DOAS with water source heat pumps district chilled water with district hot water	primary_school	0.0	0.0	0.0	1
DOAS with water source heat pumps district chilled water with district hot water	quick_service_restaurant	0.0	0.0	0.0	1
DOAS with water source heat pumps district chilled water with district hot water	retail	0.0	0.0	0.0	1
DOAS with water source heat pumps district chilled water with district hot water	secondary_school	0.0	0.0	0.0	1
DOAS with water source heat pumps district chilled water with district hot water	small_hotel	0.0	0.0	0.0	1
DOAS with water source heat pumps district chilled water with district hot water	small_office	0.0	0.0	0.0	1
DOAS with water source heat pumps district chilled water with district hot water	strip_mall	0.0	0.0	0.0	1
DOAS with water source heat pumps district chilled water with district hot water	warehouse	0.0	0.0	0.0	1
DOAS with water source heat pumps with ground source heat pump	full_service_restaurant	0.0	0.0	0.0	1
DOAS with water source heat pumps with ground source heat pump	hospital	0.0	0.0	0.0	1
DOAS with water source heat pumps with ground source heat pump	large_hotel	0.0	0.0	0.0	1
DOAS with water source heat pumps with ground source heat pump	large_office	0.0	0.0	0.0	1
DOAS with water source heat pumps with ground source heat pump	medium_office	0.0	0.0	0.0	1
DOAS with water source heat pumps with ground source heat pump	midrise_apartment	0.0	0.0	0.0	1
DOAS with water source heat pumps with ground source heat pump	outpatient	0.0	0.0	0.0	1
DOAS with water source heat pumps with ground source heat pump	primary_school	0.0	0.0	0.0	1
DOAS with water source heat pumps with ground source heat pump	quick_service_restaurant	0.0	0.0	0.0	1
DOAS with water source heat pumps with ground source heat pump	retail	0.0	0.0	0.0	1
DOAS with water source heat pumps with ground source heat pump	secondary_school	0.0	0.0	0.0	1
DOAS with water source heat pumps with ground source heat pump	small_hotel	0.0	0.0	0.0	1
DOAS with water source heat pumps with ground source heat pump	small_office	0.0	0.0	0.0	1
DOAS with water source heat pumps with ground source heat pump	strip_mall	0.0	0.0	0.0	1
DOAS with water source heat pumps with ground source heat pump	warehouse	0.0	0.0	0.0	1
DOAS with fan coil chiller with baseboard electric	full_service_restaurant	0.0	0.0	0.0	1
DOAS with fan coil chiller with baseboard electric	hospital	0.0	0.0	0.0	1
DOAS with fan coil chiller with baseboard electric	large_hotel	0.0	0.0	0.0	1
DOAS with fan coil chiller with baseboard electric	large_office	0.0	0.0	0.0	1
DOAS with fan coil chiller with baseboard electric	medium_office	0.0	0.0	0.0	1
DOAS with fan coil chiller with baseboard electric	midrise_apartment	0.0	0.0	0.0	1
DOAS with fan coil chiller with baseboard electric	outpatient	0.0	0.0	0.0	1
DOAS with fan coil chiller with baseboard electric	primary_school	0.0	0.0	0.0	1
DOAS with fan coil chiller with baseboard electric	quick_service_restaurant	0.0	0.0	0.0	1
DOAS with fan coil chiller with baseboard electric	retail	0.0	0.0	0.0	1
DOAS with fan coil chiller with baseboard electric	secondary_school	0.0	0.0	0.0	1
DOAS with fan coil chiller with baseboard electric	small_hotel	0.0	0.0	0.0	1
DOAS with fan coil chiller with baseboard electric	small_office	0.0	0.0	0.0	1
DOAS with fan coil chiller with baseboard electric	strip_mall	0.0	0.0	0.0	1
DOAS with fan coil chiller with baseboard electric	warehouse	0.0	0.0	0.0	1
Direct evap coolers with baseboard electric	full_service_restaurant	0.0	0.0	0.0	1
Direct evap coolers with baseboard electric	hospital	0.0	0.0	0.0	1
Direct evap coolers with baseboard electric	large_hotel	0.0	0.0	0.0	1
Direct evap coolers with baseboard electric	large_office	0.0	0.0	0.0	1
Direct evap coolers with baseboard electric	medium_office	0.0	0.0	0.0	1
Direct evap coolers with baseboard electric	midrise_apartment	0.0	0.0	0.0	1
Direct evap coolers with baseboard electric	outpatient	0.0	0.0	0.0	1
Direct evap coolers with baseboard electric	primary_school	0.0	0.0	0.0	1
Direct evap coolers with baseboard electric	quick_service_restaurant	0.0	0.0	0.0	1
Direct evap coolers with baseboard electric	retail	0.0	0.0	0.0	1
Direct evap coolers with baseboard electric	secondary_school	0.0	0.0	0.0	1
Direct evap coolers with baseboard electric	small_hotel	0.0	0.0	0.0	1
Direct evap coolers with baseboard electric	small_office	0.0	0.0	0.0	1
Direct evap coolers with baseboard electric	strip_mall	0.0	0.0	0.0	1
Direct evap coolers with baseboard electric	warehouse	0.0	0.0	0.0	1
Direct evap coolers with forced air furnace	full_service_restaurant	0.0	0.0	0.0	1
Direct evap coolers with forced air furnace	hospital	0.0	0.0	0.0	1
Direct evap coolers with forced air furnace	large_hotel	0.0	0.0	0.0	1
Direct evap coolers with forced air furnace	large_office	0.0	0.0	0.0	1
Direct evap coolers with forced air furnace	medium_office	0.0	0.0	0.0	1
Direct evap coolers with forced air furnace	midrise_apartment	0.0	0.0	0.0	1
Direct evap coolers with forced air furnace	outpatient	0.0	0.0	0.0	1
Direct evap coolers with forced air furnace	primary_school	0.0	0.0	0.0	1
Direct evap coolers with forced air furnace	quick_service_restaurant	0.0	0.0	0.0	1
Direct evap coolers with forced air furnace	retail	0.0	0.0	0.0	1
Direct evap coolers with forced air furnace	secondary_school	0.0	0.0	0.0	1
Direct evap coolers with forced air furnace	small_hotel	0.0	0.0	0.0	1
Direct evap coolers with forced air furnace	small_office	0.0	0.0	0.0	1
Direct evap coolers with forced air furnace	strip_mall	0.0	0.0	0.0	1
Direct evap coolers with forced air furnace	warehouse	0.0	0.0	0.0	1
Direct evap coolers with baseboard gas boiler	full_service_restaurant	0.0	0.0	0.0	1
Direct evap coolers with baseboard gas boiler	hospital	0.0	0.0	0.0	1
Direct evap coolers with baseboard gas boiler	large_hotel	0.0	0.0	0.0	1
Direct evap coolers with baseboard gas boiler	large_office	0.0	0.0	0.0	1
Direct evap coolers with baseboard gas boiler	medium_office	0.0	0.0	0.0	1
Direct evap coolers with baseboard gas boiler	midrise_apartment	0.0	0.0	0.0	1
Direct evap coolers with baseboard gas boiler	outpatient	0.0	0.0	0.0	1
Direct evap coolers with baseboard gas boiler	primary_school	0.0	0.0	0.0	1
Direct evap coolers with baseboard gas boiler	quick_service_restaurant	0.0	0.0	0.0	1
Direct evap coolers with baseboard gas boiler	retail	0.0	0.0	0.0	1
Direct evap coolers with baseboard gas boiler	secondary_school	0.0	0.0	0.0	1
Direct evap coolers with baseboard gas boiler	small_hotel	0.0	0.0	0.0	1
Direct evap coolers with baseboard gas boiler	small_office	0.0	0.0	0.0	1
Direct evap coolers with baseboard gas boiler	strip_mall	0.0	0.0	0.0	1
Direct evap coolers with baseboard gas boiler	warehouse	0.0	0.0	0.0	1
Direct evap coolers with gas unit heaters	full_service_restaurant	0.0	0.0	0.0	1
Direct evap coolers with gas unit heaters	hospital	0.0	0.0	0.0	1
Direct evap coolers with gas unit heaters	large_hotel	0.0	0.0	0.0	1
Direct evap coolers with gas unit heaters	large_office	0.0	0.0	0.0	1
Direct evap coolers with gas unit heaters	medium_office	0.0	0.0	0.0	1
Direct evap coolers with gas unit heaters	midrise_apartment	0.0	0.0	0.0	1
Direct evap coolers with gas unit heaters	outpatient	0.0	0.0	0.0	1
Direct evap coolers with gas unit heaters	primary_school	0.0	0.0	0.0	1
Direct evap coolers with gas unit heaters	quick_service_restaurant	0.0	0.0	0.0	1
Direct evap coolers with gas unit heaters	retail	0.0	0.0	0.0	1
Direct evap coolers with gas unit heaters	secondary_school	0.0	0.0	0.0	1
Direct evap coolers with gas unit heaters	small_hotel	0.0	0.0	0.0	1
Direct evap coolers with gas unit heaters	small_office	0.0	0.0	0.0	1
Direct evap coolers with gas unit heaters	strip_mall	0.0	0.0	0.0	1
Direct evap coolers with gas unit heaters	warehouse	0.0	0.0	0.0	1
Direct evap coolers with no heat	full_service_restaurant	0.0	0.0	0.0	1
Direct evap coolers with no heat	hospital	0.0	0.0	0.0	1
Direct evap coolers with no heat	large_hotel	0.0	0.0	0.0	1
Direct evap coolers with no heat	large_office	0.0	0.0	0.0	1
Direct evap coolers with no heat	medium_office	0.0	0.0	0.0	1
Direct evap coolers with no heat	midrise_apartment	0.0	0.0	0.0	1
Direct evap coolers with no heat	outpatient	0.0	0.0	0.0	1
Direct evap coolers with no heat	primary_school	0.0	0.0	0.0	1
Direct evap coolers with no heat	quick_service_restaurant	0.0	0.0	0.0	1
Direct evap coolers with no heat	retail	0.0	0.0	0.0	1
Direct evap coolers with no heat	secondary_school	0.0	0.0	0.0	1
Direct evap coolers with no heat	small_hotel	0.0	0.0	0.0	1
Direct evap coolers with no heat	small_office	0.0	0.0	0.0	1
Direct evap coolers with no heat	strip_mall	0.0	0.0	0.0	1
Direct evap coolers with no heat	warehouse	0.0	0.0	0.0	1
Fan coil air-cooled chiller with baseboard electric	full_service_restaurant	0.0	0.0	0.0	1
Fan coil air-cooled chiller with baseboard electric	hospital	0.0	0.0	0.0	1
Fan coil air-cooled chiller with baseboard electric	large_hotel	0.0	0.0	0.0	1
Fan coil air-cooled chiller with baseboard electric	large_office	0.0	0.0	0.0	1
Fan coil air-cooled chiller with baseboard electric	medium_office	0.0	0.0	0.0	1
Fan coil air-cooled chiller with baseboard electric	midrise_apartment	0.0	0.0	0.0	1
Fan coil air-cooled chiller with baseboard electric	outpatient	0.0	0.0	0.0	1
Fan coil air-cooled chiller with baseboard electric	primary_school	0.0	0.0	0.0	1
Fan coil air-cooled chiller with baseboard electric	quick_service_restaurant	0.0	0.0	0.0	1
Fan coil air-cooled chiller with baseboard electric	retail	0.0	0.0	0.0	1
Fan coil air-cooled chiller with baseboard electric	secondary_school	0.0	0.0	0.0	1
Fan coil air-cooled chiller with baseboard electric	small_hotel	0.0	0.0	0.0	1
Fan coil air-cooled chiller with baseboard electric	small_office	0.0	0.0	0.0	1
Fan coil air-cooled chiller with baseboard electric	strip_mall	0.0	0.0	0.0	1
Fan coil air-cooled chiller with baseboard electric	warehouse	0.0	0.0	0.0	1
Fan coil air-cooled chiller with boiler	full_service_restaurant	0.0	0.0	0.0	1
Fan coil air-cooled chiller with boiler	hospital	0.0	0.0	0.0	1
Fan coil air-cooled chiller with boiler	large_hotel	0.0	0.0	0.0	1
Fan coil air-cooled chiller with boiler	large_office	0.0	0.0	0.0	1
Fan coil air-cooled chiller with boiler	medium_office	0.0	0.0	0.0	1
Fan coil air-cooled chiller with boiler	midrise_apartment	0.0	0.0	0.0	1
Fan coil air-cooled chiller with boiler	outpatient	0.0	0.0	0.0	1
Fan coil air-cooled chiller with boiler	primary_school	0.0	0.0	0.0	1
Fan coil air-cooled chiller with boiler	quick_service_restaurant	0.0	0.0	0.0	1
Fan coil air-cooled chiller with boiler	retail	0.0	0.0	0.0	1
Fan coil air-cooled chiller with boiler	secondary_school	0.0	0.0	0.0	1
Fan coil air-cooled chiller with boiler	small_hotel	0.0	0.0	0.0	1
Fan coil air-cooled chiller with boiler	small_office	0.0	0.0	0.0	1
Fan coil air-cooled chiller with boiler	strip_mall	0.0	0.0	0.0	1
Fan coil air-cooled chiller with boiler	warehouse	0.0	0.0	0.0	1
Fan coil air-cooled chiller with no heat	full_service_restaurant	0.0	0.0	0.0	1
Fan coil air-cooled chiller with no heat	hospital	0.0	0.0	0.0	1
Fan coil air-cooled chiller with no heat	large_hotel	0.0	0.0	0.0	1
Fan coil air-cooled chiller with no heat	large_office	0.0	0.0	0.0	1
Fan coil air-cooled chiller with no heat	medium_office	0.0	0.0	0.0	1
Fan coil air-cooled chiller with no heat	midrise_apartment	0.0	0.0	0.0	1
Fan coil air-cooled chiller with no heat	outpatient	0.0	0.0	0.0	1
Fan coil air-cooled chiller with no heat	primary_school	0.0	0.0	0.0	1
Fan coil air-cooled chiller with no heat	quick_service_restaurant	0.0	0.0	0.0	1
Fan coil air-cooled chiller with no heat	retail	0.0	0.0	0.0	1
Fan coil air-cooled chiller with no heat	secondary_school	0.0	0.0	0.0	1
Fan coil air-cooled chiller with no heat	small_hotel	0.0	0.0	0.0	1
Fan coil air-cooled chiller with no heat	small_office	0.0	0.0	0.0	1
Fan coil air-cooled chiller with no heat	strip_mall	0.0	0.0	0.0	1
Fan coil air-cooled chiller with no heat	warehouse	0.0	0.0	0.0	1
Fan coil chiller with baseboard electric	full_service_restaurant	0.0	0.0	0.0	1
Fan coil chiller with baseboard electric	hospital	0.0	0.0	0.0	1
Fan coil chiller with baseboard electric	large_hotel	0.0	0.0	0.0	1
Fan coil chiller with baseboard electric	large_office	0.0	0.0	0.0	1
Fan coil chiller with baseboard electric	medium_office	0.0	0.0	0.0	1
Fan coil chiller with baseboard electric	midrise_apartment	0.0	0.0	0.0	1
Fan coil chiller with baseboard electric	outpatient	0.0	0.0	0.0	1
Fan coil chiller with baseboard electric	primary_school	0.0	0.0	0.0	1
Fan coil chiller with baseboard electric	quick_service_restaurant	0.0	0.0	0.0	1
Fan coil chiller with baseboard electric	retail	0.0	0.0	0.0	1
Fan coil chiller with baseboard electric	secondary_school	0.0	0.0	0.0	1
Fan coil chiller with baseboard electric	small_hotel	0.0	0.0	0.0	1
Fan coil chiller with baseboard electric	small_office	0.0	0.0	0.0	1
Fan coil chiller with baseboard electric	strip_mall	0.0	0.0	0.0	1
Fan coil chiller with baseboard electric	warehouse	0.0	0.0	0.0	1
Fan coil chiller with boiler	full_service_restaurant	0.0	0.0	0.0	1
Fan coil chiller with boiler	hospital	0.0	0.0	0.0	1
Fan coil chiller with boiler	large_hotel	0.0	0.0	0.0	1
Fan coil chiller with boiler	large_office	0.0	0.0	0.0	1
Fan coil chiller with boiler	medium_office	0.0	0.0	0.0	1
Fan coil chiller with boiler	midrise_apartment	0.0	0.0	0.0	1
Fan coil chiller with boiler	outpatient	0.0	0.0	0.0	1
Fan coil chiller with boiler	primary_school	0.0	0.0	0.0	1
Fan coil chiller with boiler	quick_service_restaurant	0.0	0.0	0.0	1
Fan coil chiller with boiler	retail	0.0	0.0	0.0	1
Fan coil chiller with boiler	secondary_school	0.0	0.0	0.0	1
Fan coil chiller with boiler	small_hotel	0.0	0.0	0.0	1
Fan coil chiller with boiler	small_office	0.0	0.0	0.0	1
Fan coil chiller with boiler	strip_mall	0.0	0.0	0.0	1
Fan coil chiller with boiler	warehouse	0.0	0.0	0.0	1
Fan coil chiller with district hot water	full_service_restaurant	0.0	0.0	0.0	1
Fan coil chiller with district hot water	hospital	0.0	0.0	0.0	1
Fan coil chiller with district hot water	large_hotel	0.0	0.0	0.0	1
Fan coil chiller with district hot water	large_office	0.0	0.0	0.0	1
Fan coil chiller with district hot water	medium_office	0.0	0.0	0.0	1
Fan coil chiller with district hot water	midrise_apartment	0.0	0.0	0.0	1
Fan coil chiller with district hot water	outpatient	0.0	0.0	0.0	1
Fan coil chiller with district hot water	primary_school	0.0	0.0	0.0	1
Fan coil chiller with district hot water	quick_service_restaurant	0.0	0.0	0.0	1
Fan coil chiller with district hot water	retail	0.0	0.0	0.0	1
Fan coil chiller with district hot water	secondary_school	0.0	0.0	0.0	1
Fan coil chiller with district hot water	small_hotel	0.0	0.0	0.0	1
Fan coil chiller with district hot water	small_office	0.0	0.0	0.0	1
Fan coil chiller with district hot water	strip_mall	0.0	0.0	0.0	1
Fan coil chiller with district hot water	warehouse	0.0	0.0	0.0	1
Fan coil chiller with no heat	full_service_restaurant	0.0	0.0	0.0	1
Fan coil chiller with no heat	hospital	0.0	0.0	0.0	1
Fan coil chiller with no heat	large_hotel	0.0	0.0	0.0	1
Fan coil chiller with no heat	large_office	0.0	0.0	0.0	1
Fan coil chiller with no heat	medium_office	0.0	0.0	0.0	1
Fan coil chiller with no heat	midrise_apartment	0.0	0.0	0.0	1
Fan coil chiller with no heat	outpatient	0.0	0.0	0.0	1
Fan coil chiller with no heat	primary_school	0.0	0.0	0.0	1
Fan coil chiller with no heat	quick_service_restaurant	0.0	0.0	0.0	1
Fan coil chiller with no heat	retail	0.0	0.0	0.0	1
Fan coil chiller with no heat	secondary_school	0.0	0.0	0.0	1
Fan coil chiller with no heat	small_hotel	0.0	0.0	0.0	1
Fan coil chiller with no heat	small_office	0.0	0.0	0.0	1
Fan coil chiller with no heat	strip_mall	0.0	0.0	0.0	1
Fan coil chiller with no heat	warehouse	0.0	0.0	0.0	1
Fan coil district chilled water with boiler	full_service_restaurant	0.0	0.0	0.0	1
Fan coil district chilled water with boiler	hospital	0.0	0.0	0.0	1
Fan coil district chilled water with boiler	large_hotel	0.0	0.0	0.0	1
Fan coil district chilled water with boiler	large_office	0.0	0.0	0.0	1
Fan coil district chilled water with boiler	medium_office	0.0	0.0	0.0	1
Fan coil district chilled water with boiler	midrise_apartment	0.0	0.0	0.0	1
Fan coil district chilled water with boiler	outpatient	0.0	0.0	0.0	1
Fan coil district chilled water with boiler	primary_school	0.0	0.0	0.0	1
Fan coil district chilled water with boiler	quick_service_restaurant	0.0	0.0	0.0	1
Fan coil district chilled water with boiler	retail	0.0	0.0	0.0	1
Fan coil district chilled water with boiler	secondary_school	0.0	0.0	0.0	1
Fan coil district chilled water with boiler	small_hotel	0.0	0.0	0.0	1
Fan coil district chilled water with boiler	small_office	0.0	0.0	0.0	1
Fan coil district chilled water with boiler	strip_mall	0.0	0.0	0.0	1
Fan coil district chilled water with boiler	warehouse	0.0	0.0	0.0	1
Fan coil district chilled water with district hot water	full_service_restaurant	0.0	0.0	0.0	1
Fan coil district chilled water with district hot water	hospital	0.0	0.0	0.0	1
Fan coil district chilled water with district hot water	large_hotel	0.0	0.0	0.0	1
Fan coil district chilled water with district hot water	large_office	0.0	0.0	0.0	1
Fan coil district chilled water with district hot water	medium_office	0.0	0.0	0.0	1
Fan coil district chilled water with district hot water	midrise_apartment	0.0	0.0	0.0	1
Fan coil district chilled water with district hot water	outpatient	0.0	0.0	0.0	1
Fan coil district chilled water with district hot water	primary_school	0.0	0.0	0.0	1
Fan coil district chilled water with district hot water	quick_service_restaurant	0.0	0.0	0.0	1
Fan coil district chilled water with district hot water	retail	0.0	0.0	0.0	1
Fan coil district chilled water with district hot water	secondary_school	0.0	0.0	0.0	1
Fan coil district chilled water with district hot water	small_hotel	0.0	0.0	0.0	1
Fan coil district chilled water with district hot water	small_office	0.0	0.0	0.0	1
Fan coil district chilled water with district hot water	strip_mall	0.0	0.0	0.0	1
Fan coil district chilled water with district hot water	warehouse	0.0	0.0	0.0	1
Forced air furnace	full_service_restaurant	0.0	0.0	0.0	1
Forced air furnace	hospital	0.0	0.0	0.0	1
Forced air furnace	large_hotel	0.0	0.0	0.0	1
Forced air furnace	large_office	0.0	0.0	0.0	1
Forced air furnace	medium_office	0.0	0.0	0.0	1
Forced air furnace	midrise_apartment	0.0	0.0	0.0	1
Forced air furnace	outpatient	0.0	0.0	0.0	1
Forced air furnace	primary_school	0.0	0.0	0.0	1
Forced air furnace	quick_service_restaurant	0.0	0.0	0.0	1
Forced air furnace	retail	0.0	0.0	0.0	1
Forced air furnace	secondary_school	0.0	0.0	0.0	1
Forced air furnace	small_hotel	0.0	0.0	0.0	1
Forced air furnace	small_office	0.0	0.0	0.0	1
Forced air furnace	strip_mall	0.0	0.0	0.0	1
Forced air furnace	warehouse	0.0	0.0	0.0	1
Gas unit heaters	full_service_restaurant	0.0	0.0	0.0	1
Gas unit heaters	hospital	0.0	0.0	0.0	1
Gas unit heaters	large_hotel	0.0	0.0	0.0	1
Gas unit heaters	large_office	0.0	0.0	0.0	1
Gas unit heaters	medium_office	0.0	0.0	0.0	1
Gas unit heaters	midrise_apartment	0.0	0.0	0.0	1
Gas unit heaters	outpatient	0.0	0.0	0.0	1
Gas unit heaters	primary_school	0.0	0.0	0.0	1
Gas unit heaters	quick_service_restaurant	0.0	0.0	0.0	1
Gas unit heaters	retail	0.0	0.0	0.0	1
Gas unit heaters	secondary_school	0.0	0.0	0.0	1
Gas unit heaters	small_hotel	0.0	0.0	0.0	1
Gas unit heaters	small_office	0.0	0.0	0.0	1
Gas unit heaters	strip_mall	0.0	0.0	0.0	1
Gas unit heaters	warehouse	0.0	0.0	0.0	1
PSZ-AC district chilled water with district hot water	full_service_restaurant	0.36	0.54	0.1	0
PSZ-AC district chilled water with district hot water	hospital	0.0	0.0	0.0	1
PSZ-AC district chilled water with district hot water	large_hotel	0.0	0.0	0.0	1
PSZ-AC district chilled water with district hot water	large_office	0.54	0.35	0.11	0
PSZ-AC district chilled water with district hot water	medium_office	0.54	0.35	0.11	0
PSZ-AC district chilled water with district hot water	midrise_apartment	0.0	0.0	0.0	1
PSZ-AC district chilled water with district hot water	outpatient	0.27	0.5	0.23	0
PSZ-AC district chilled water with district hot water	primary_school	0.0	0.0	0.0	1
PSZ-AC district chilled water with district hot water	quick_service_restaurant	0.36	0.54	0.1	0
PSZ-AC district chilled water with district hot water	retail	0.14	0.56	0.3	0
PSZ-AC district chilled water with district hot water	secondary_school	0.0	0.0	0.0	1
PSZ-AC district chilled water with district hot water	small_hotel	0.0	0.0	0.0	1
PSZ-AC district chilled water with district hot water	small_office	0.54	0.35	0.11	0
PSZ-AC district chilled water with district hot water	strip_mall	0.14	0.56	0.3	0
PSZ-AC district chilled water with district hot water	warehouse	0.27	0.5	0.23	0
PSZ-AC district chilled water with gas boiler	full_service_restaurant	0.36	0.54	0.1	0
PSZ-AC district chilled water with gas boiler	hospital	0.0	0.0	0.0	1
PSZ-AC district chilled water with gas boiler	large_hotel	0.0	0.0	0.0	1
PSZ-AC district chilled water with gas boiler	large_office	0.54	0.35	0.11	0
PSZ-AC district chilled water with gas boiler	medium_office	0.54	0.35	0.11	0
PSZ-AC district chilled water with gas boiler	midrise_apartment	0.0	0.0	0.0	1
PSZ-AC district chilled water with gas boiler	outpatient	0.27	0.5	0.23	0
PSZ-AC district chilled water with gas boiler	primary_school	0.0	0.0	0.0	1
PSZ-AC district chilled water with gas boiler	quick_service_restaurant	0.36	0.54	0.1	0
PSZ-AC district chilled water with gas boiler	retail	0.14	0.56	0.3	0
PSZ-AC district chilled water with gas boiler	secondary_school	0.0	0.0	0.0	1
PSZ-AC district chilled water with gas boiler	small_hotel	0.0	0.0	0.0	1
PSZ-AC district chilled water with gas boiler	small_office	0.54	0.35	0.11	0
PSZ-AC district chilled water with gas boiler	strip_mall	0.14	0.56	0.3	0
PSZ-AC district chilled water with gas boiler	warehouse	0.27	0.5	0.23	0
PSZ-AC with baseboard district hot water	full_service_restaurant	0.36	0.54	0.1	0
PSZ-AC with baseboard district hot water	hospital	0.0	0.0	0.0	1
PSZ-AC with baseboard district hot water	large_hotel	0.0	0.0	0.0	1
PSZ-AC with baseboard district hot water	large_office	0.54	0.35	0.11	0
PSZ-AC with baseboard district hot water	medium_office	0.54	0.35	0.11	0
PSZ-AC with baseboard district hot water	midrise_apartment	0.0	0.0	0.0	1
PSZ-AC with baseboard district hot water	outpatient	0.27	0.5	0.23	0
PSZ-AC with baseboard district hot water	primary_school	0.0	0.0	0.0	1
PSZ-AC with baseboard district hot water	quick_service_restaurant	0.36	0.54	0.1	0
PSZ-AC with baseboard district hot water	retail	0.14	0.56	0.3	0
PSZ-AC with baseboard district hot water	secondary_school	0.0	0.0	0.0	1
PSZ-AC with baseboard district hot water	small_hotel	0.0	0.0	0.0	1
PSZ-AC with baseboard district hot water	small_office	0.54	0.35	0.11	0
PSZ-AC with baseboard district hot water	strip_mall	0.14	0.56	0.3	0
PSZ-AC with baseboard district hot water	warehouse	0.27	0.5	0.23	0
PSZ-AC district chilled water with electric coil	full_service_restaurant	0.36	0.54	0.1	0
PSZ-AC district chilled water with electric coil	hospital	0.0	0.0	0.0	1
PSZ-AC district chilled water with electric coil	large_hotel	0.0	0.0	0.0	1
PSZ-AC district chilled water with electric coil	large_office	0.54	0.35	0.11	0
PSZ-AC district chilled water with electric coil	medium_office	0.54	0.35	0.11	0
PSZ-AC district chilled water with electric coil	midrise_apartment	0.0	0.0	0.0	1
PSZ-AC district chilled water with electric coil	outpatient	0.27	0.5	0.23	0
PSZ-AC district chilled water with electric coil	primary_school	0.0	0.0	0.0	1
PSZ-AC district chilled water with electric coil	quick_service_restaurant	0.36	0.54	0.1	0
PSZ-AC district chilled water with electric coil	retail	0.14	0.56	0.3	0
PSZ-AC district chilled water with electric coil	secondary_school	0.0	0.0	0.0	1
PSZ-AC district chilled water with electric coil	small_hotel	0.0	0.0	0.0	1
PSZ-AC district chilled water with electric coil	small_office	0.54	0.35	0.11	0
PSZ-AC district chilled water with electric coil	strip_mall	0.14	0.56	0.3	0
PSZ-AC district chilled water with electric coil	warehouse	0.27	0.5	0.23	0
PSZ-AC with baseboard electric	full_service_restaurant	0.36	0.54	0.1	0
PSZ-AC with baseboard electric	hospital	0.0	0.0	0.0	1
PSZ-AC with baseboard electric	large_hotel	0.0	0.0	0.0	1
PSZ-AC with baseboard electric	large_office	0.54	0.35	0.11	0
PSZ-AC with baseboard electric	medium_office	0.54	0.35	0.11	0
PSZ-AC with baseboard electric	midrise_apartment	0.0	0.0	0.0	1
PSZ-AC with baseboard electric	outpatient	0.27	0.5	0.23	0
PSZ-AC with baseboard electric	primary_school	0.0	0.0	0.0	1
PSZ-AC with baseboard electric	quick_service_restaurant	0.36	0.54	0.1	0
PSZ-AC with baseboard electric	retail	0.14	0.56	0.3	0
PSZ-AC with baseboard electric	secondary_school	0.0	0.0	0.0	1
PSZ-AC with baseboard electric	small_hotel	0.0	0.0	0.0	1
PSZ-AC with baseboard electric	small_office	0.54	0.35	0.11	0
PSZ-AC with baseboard electric	strip_mall	0.14	0.56	0.3	0
PSZ-AC with baseboard electric	warehouse	0.27	0.5	0.23	0
PSZ-AC with baseboard gas boiler	full_service_restaurant	0.36	0.54	0.1	0
PSZ-AC with baseboard gas boiler	hospital	0.0	0.0	0.0	1
PSZ-AC with baseboard gas boiler	large_hotel	0.0	0.0	0.0	1
PSZ-AC with baseboard gas boiler	large_office	0.54	0.35	0.11	0
PSZ-AC with baseboard gas boiler	medium_office	0.54	0.35	0.11	0
PSZ-AC with baseboard gas boiler	midrise_apartment	0.0	0.0	0.0	1
PSZ-AC with baseboard gas boiler	outpatient	0.27	0.5	0.23	0
PSZ-AC with baseboard gas boiler	primary_school	0.0	0.0	0.0	1
PSZ-AC with baseboard gas boiler	quick_service_restaurant	0.36	0.54	0.1	0
PSZ-AC with baseboard gas boiler	retail	0.14	0.56	0.3	0
PSZ-AC with baseboard gas boiler	secondary_school	0.0	0.0	0.0	1
PSZ-AC with baseboard gas boiler	small_hotel	0.0	0.0	0.0	1
PSZ-AC with baseboard gas boiler	small_office	0.54	0.35	0.11	0
PSZ-AC with baseboard gas boiler	strip_mall	0.14	0.56	0.3	0
PSZ-AC with baseboard gas boiler	warehouse	0.27	0.5	0.23	0
PSZ-AC with district hot water	full_service_restaurant	0.36	0.54	0.1	0
PSZ-AC with district hot water	hospital	0.0	0.0	0.0	1
PSZ-AC with district hot water	large_hotel	0.0	0.0	0.0	1
PSZ-AC with district hot water	large_office	0.54	0.35	0.11	0
PSZ-AC with district hot water	medium_office	0.54	0.35	0.11	0
PSZ-AC with district hot water	midrise_apartment	0.0	0.0	0.0	1
PSZ-AC with district hot water	outpatient	0.27	0.5	0.23	0
PSZ-AC with district hot water	primary_school	0.0	0.0	0.0	1
PSZ-AC with district hot water	quick_service_restaurant	0.36	0.54	0.1	0
PSZ-AC with district hot water	retail	0.14	0.56	0.3	0
PSZ-AC with district hot water	secondary_school	0.0	0.0	0.0	1
PSZ-AC with district hot water	small_hotel	0.0	0.0	0.0	1
PSZ-AC with district hot water	small_office	0.54	0.35	0.11	0
PSZ-AC with district hot water	strip_mall	0.14	0.56	0.3	0
PSZ-AC with district hot water	warehouse	0.27	0.5	0.23	0
PSZ-AC with electric coil	full_service_restaurant	0.36	0.54	0.1	0
PSZ-AC with electric coil	hospital	0.0	0.0	0.0	1
PSZ-AC with electric coil	large_hotel	0.0	0.0	0.0	1
PSZ-AC with electric coil	large_office	0.54	0.35	0.11	0
PSZ-AC with electric coil	medium_office	0.54	0.35	0.11	0
PSZ-AC with electric coil	midrise_apartment	0.0	0.0	0.0	1
PSZ-AC with electric coil	outpatient	0.27	0.5	0.23	0
PSZ-AC with electric coil	primary_school	0.0	0.0	0.0	1
PSZ-AC with electric coil	quick_service_restaurant	0.36	0.54	0.1	0
PSZ-AC with electric coil	retail	0.14	0.56	0.3	0
PSZ-AC with electric coil	secondary_school	0.0	0.0	0.0	1
PSZ-AC with electric coil	small_hotel	0.0	0.0	0.0	1
PSZ-AC with electric coil	small_office	0.54	0.35	0.11	0
PSZ-AC with electric coil	strip_mall	0.14	0.56	0.3	0
PSZ-AC with electric coil	warehouse	0.27	0.5	0.23	0
PSZ-AC with gas boiler	full_service_restaurant	0.36	0.54	0.1	0
PSZ-AC with gas boiler	hospital	0.0	0.0	0.0	1
PSZ-AC with gas boiler	large_hotel	0.0	0.0	0.0	1
PSZ-AC with gas boiler	large_office	0.54	0.35	0.11	0
PSZ-AC with gas boiler	medium_office	0.54	0.35	0.11	0
PSZ-AC with gas boiler	midrise_apartment	0.0	0.0	0.0	1
PSZ-AC with gas boiler	outpatient	0.27	0.5	0.23	0
PSZ-AC with gas boiler	primary_school	0.0	0.0	0.0	1
PSZ-AC with gas boiler	quick_service_restaurant	0.36	0.54	0.1	0
PSZ-AC with gas boiler	retail	0.14	0.56	0.3	0
PSZ-AC with gas boiler	secondary_school	0.0	0.0	0.0	1
PSZ-AC with gas boiler	small_hotel	0.0	0.0	0.0	1
PSZ-AC with gas boiler	small_office	0.54	0.35	0.11	0
PSZ-AC with gas boiler	strip_mall	0.14	0.56	0.3	0
PSZ-AC with gas boiler	warehouse	0.27	0.5	0.23	0
PSZ-AC with gas coil	full_service_restaurant	0.36	0.54	0.1	0
PSZ-AC with gas coil	hospital	0.0	0.0	0.0	1
PSZ-AC with gas coil	large_hotel	0.0	0.0	0.0	1
PSZ-AC with gas coil	large_office	0.54	0.35	0.11	0
PSZ-AC with gas coil	medium_office	0.54	0.35	0.11	0
PSZ-AC with gas coil	midrise_apartment	0.0	0.0	0.0	1
PSZ-AC with gas coil	outpatient	0.27	0.5	0.23	0
PSZ-AC with gas coil	primary_school	0.0	0.0	0.0	1
PSZ-AC with gas coil	quick_service_restaurant	0.36	0.54	0.1	0
PSZ-AC with gas coil	retail	0.14	0.56	0.3	0
PSZ-AC with gas coil	secondary_school	0.0	0.0	0.0	1
PSZ-AC with gas coil	small_hotel	0.0	0.0	0.0	1
PSZ-AC with gas coil	small_office	0.54	0.35	0.11	0
PSZ-AC with gas coil	strip_mall	0.14	0.56	0.3	0
PSZ-AC with gas coil	warehouse	0.27	0.5	0.23	0
PSZ-AC with gas unit heaters	full_service_restaurant	0.36	0.54	0.1	0
PSZ-AC with gas unit heaters	hospital	0.0	0.0	0.0	1
PSZ-AC with gas unit heaters	large_hotel	0.0	0.0	0.0	1
PSZ-AC with gas unit heaters	large_office	0.54	0.35	0.11	0
PSZ-AC with gas unit heaters	medium_office	0.54	0.35	0.11	0
PSZ-AC with gas unit heaters	midrise_apartment	0.0	0.0	0.0	1
PSZ-AC with gas unit heaters	outpatient	0.27	0.5	0.23	0
PSZ-AC with gas unit heaters	primary_school	0.0	0.0	0.0	1
PSZ-AC with gas unit heaters	quick_service_restaurant	0.36	0.54	0.1	0
PSZ-AC with gas unit heaters	retail	0.14	0.56	0.3	0
PSZ-AC with gas unit heaters	secondary_school	0.0	0.0	0.0	1
PSZ-AC with gas unit heaters	small_hotel	0.0	0.0	0.0	1
PSZ-AC with gas unit heaters	small_office	0.54	0.35	0.11	0
PSZ-AC with gas unit heaters	strip_mall	0.14	0.56	0.3	0
PSZ-AC with gas unit heaters	warehouse	0.27	0.5	0.23	0
PSZ-AC with no heat	full_service_restaurant	0.36	0.54	0.1	0
PSZ-AC with no heat	hospital	0.0	0.0	0.0	1
PSZ-AC with no heat	large_hotel	0.0	0.0	0.0	1
PSZ-AC with no heat	large_office	0.54	0.35	0.11	0
PSZ-AC with no heat	medium_office	0.54	0.35	0.11	0
PSZ-AC with no heat	midrise_apartment	0.0	0.0	0.0	1
PSZ-AC with no heat	outpatient	0.27	0.5	0.23	0
PSZ-AC with no heat	primary_school	0.0	0.0	0.0	1
PSZ-AC with no heat	quick_service_restaurant	0.36	0.54	0.1	0
PSZ-AC with no heat	retail	0.14	0.56	0.3	0
PSZ-AC with no heat	secondary_school	0.0	0.0	0.0	1
PSZ-AC with no heat	small_hotel	0.0	0.0	0.0	1
PSZ-AC with no heat	small_office	0.54	0.35	0.11	0
PSZ-AC with no heat	strip_mall	0.14	0.56	0.3	0
PSZ-AC with no heat	warehouse	0.27	0.5	0.23	0
PSZ-HP	full_service_restaurant	0.36	0.54	0.1	0
PSZ-HP	hospital	0.0	0.0	0.0	1
PSZ-HP	large_hotel	0.0	0.0	0.0	1
PSZ-HP	large_office	0.54	0.35	0.11	0
PSZ-HP	medium_office	0.54	0.35	0.11	0
PSZ-HP	midrise_apartment	0.0	0.0	0.0	1
PSZ-HP	outpatient	0.27	0.5	0.23	0
PSZ-HP	primary_school	0.0	0.0	0.0	1
PSZ-HP	quick_service_restaurant	0.36	0.54	0.1	0
PSZ-HP	retail	0.14	0.56	0.3	0
PSZ-HP	secondary_school	0.0	0.0	0.0	1
PSZ-HP	small_hotel	0.0	0.0	0.0	1
PSZ-HP	small_office	0.54	0.35	0.11	0
PSZ-HP	strip_mall	0.14	0.56	0.3	0
PSZ-HP	warehouse	0.27	0.5	0.23	0
PTAC with baseboard district hot water	full_service_restaurant	0.0	0.0	0.0	1
PTAC with baseboard district hot water	hospital	0.0	0.0	0.0	1
PTAC with baseboard district hot water	large_hotel	0.0	0.0	0.0	1
PTAC with baseboard district hot water	large_office	0.0	0.0	0.0	1
PTAC with baseboard district hot water	medium_office	0.0	0.0	0.0	1
PTAC with baseboard district hot water	midrise_apartment	0.0	0.0	0.0	1
PTAC with baseboard district hot water	outpatient	0.0	0.0	0.0	1
PTAC with baseboard district hot water	primary_school	0.0	0.0	0.0	1
PTAC with baseboard district hot water	quick_service_restaurant	0.0	0.0	0.0	1
PTAC with baseboard district hot water	retail	0.0	0.0	0.0	1
PTAC with baseboard district hot water	secondary_school	0.0	0.0	0.0	1
PTAC with baseboard district hot water	small_hotel	0.0	0.0	0.0	1
PTAC with baseboard district hot water	small_office	0.0	0.0	0.0	1
PTAC with baseboard district hot water	strip_mall	0.0	0.0	0.0	1
PTAC with baseboard district hot water	warehouse	0.0	0.0	0.0	1
PTAC with baseboard electric	full_service_restaurant	0.0	0.0	0.0	1
PTAC with baseboard electric	hospital	0.0	0.0	0.0	1
PTAC with baseboard electric	large_hotel	0.0	0.0	0.0	1
PTAC with baseboard electric	large_office	0.0	0.0	0.0	1
PTAC with baseboard electric	medium_office	0.0	0.0	0.0	1
PTAC with baseboard electric	midrise_apartment	0.0	0.0	0.0	1
PTAC with baseboard electric	outpatient	0.0	0.0	0.0	1
PTAC with baseboard electric	primary_school	0.0	0.0	0.0	1
PTAC with baseboard electric	quick_service_restaurant	0.0	0.0	0.0	1
PTAC with baseboard electric	retail	0.0	0.0	0.0	1
PTAC with baseboard electric	secondary_school	0.0	0.0	0.0	1
PTAC with baseboard electric	small_hotel	0.0	0.0	0.0	1
PTAC with baseboard electric	small_office	0.0	0.0	0.0	1
PTAC with baseboard electric	strip_mall	0.0	0.0	0.0	1
PTAC with baseboard electric	warehouse	0.0	0.0	0.0	1
PTAC with baseboard gas boiler	full_service_restaurant	0.0	0.0	0.0	1
PTAC with baseboard gas boiler	hospital	0.0	0.0	0.0	1
PTAC with baseboard gas boiler	large_hotel	0.0	0.0	0.0	1
PTAC with baseboard gas boiler	large_office	0.0	0.0	0.0	1
PTAC with baseboard gas boiler	medium_office	0.0	0.0	0.0	1
PTAC with baseboard gas boiler	midrise_apartment	0.0	0.0	0.0	1
PTAC with baseboard gas boiler	outpatient	0.0	0.0	0.0	1
PTAC with baseboard gas boiler	primary_school	0.0	0.0	0.0	1
PTAC with baseboard gas boiler	quick_service_restaurant	0.0	0.0	0.0	1
PTAC with baseboard gas boiler	retail	0.0	0.0	0.0	1
PTAC with baseboard gas boiler	secondary_school	0.0	0.0	0.0	1
PTAC with baseboard gas boiler	small_hotel	0.0	0.0	0.0	1
PTAC with baseboard gas boiler	small_office	0.0	0.0	0.0	1
PTAC with baseboard gas boiler	strip_mall	0.0	0.0	0.0	1
PTAC with baseboard gas boiler	warehouse	0.0	0.0	0.0	1
PTAC with electric coil	full_service_restaurant	0.0	0.0	0.0	1
PTAC with electric coil	hospital	0.0	0.0	0.0	1
PTAC with electric coil	large_hotel	0.0	0.0	0.0	1
PTAC with electric coil	large_office	0.0	0.0	0.0	1
PTAC with electric coil	medium_office	0.0	0.0	0.0	1
PTAC with electric coil	midrise_apartment	0.0	0.0	0.0	1
PTAC with electric coil	outpatient	0.0	0.0	0.0	1
PTAC with electric coil	primary_school	0.0	0.0	0.0	1
PTAC with electric coil	quick_service_restaurant	0.0	0.0	0.0	1
PTAC with electric coil	retail	0.0	0.0	0.0	1
PTAC with electric coil	secondary_school	0.0	0.0	0.0	1
PTAC with electric coil	small_hotel	0.0	0.0	0.0	1
PTAC with electric coil	small_office	0.0	0.0	0.0	1
PTAC with electric coil	strip_mall	0.0	0.0	0.0	1
PTAC with electric coil	warehouse	0.0	0.0	0.0	1
PTAC with gas boiler	full_service_restaurant	0.0	0.0	0.0	1
PTAC with gas boiler	hospital	0.0	0.0	0.0	1
PTAC with gas boiler	large_hotel	0.0	0.0	0.0	1
PTAC with gas boiler	large_office	0.0	0.0	0.0	1
PTAC with gas boiler	medium_office	0.0	0.0	0.0	1
PTAC with gas boiler	midrise_apartment	0.0	0.0	0.0	1
PTAC with gas boiler	outpatient	0.0	0.0	0.0	1
PTAC with gas boiler	primary_school	0.0	0.0	0.0	1
PTAC with gas boiler	quick_service_restaurant	0.0	0.0	0.0	1
PTAC with gas boiler	retail	0.0	0.0	0.0	1
PTAC with gas boiler	secondary_school	0.0	0.0	0.0	1
PTAC with gas boiler	small_hotel	0.0	0.0	0.0	1
PTAC with gas boiler	small_office	0.0	0.0	0.0	1
PTAC with gas boiler	strip_mall	0.0	0.0	0.0	1
PTAC with gas boiler	warehouse	0.0	0.0	0.0	1
PTAC with gas coil	full_service_restaurant	0.0	0.0	0.0	1
PTAC with gas coil	hospital	0.0	0.0	0.0	1
PTAC with gas coil	large_hotel	0.0	0.0	0.0	1
PTAC with gas coil	large_office	0.0	0.0	0.0	1
PTAC with gas coil	medium_office	0.0	0.0	0.0	1
PTAC with gas coil	midrise_apartment	0.0	0.0	0.0	1
PTAC with gas coil	outpatient	0.0	0.0	0.0	1
PTAC with gas coil	primary_school	0.0	0.0	0.0	1
PTAC with gas coil	quick_service_restaurant	0.0	0.0	0.0	1
PTAC with gas coil	retail	0.0	0.0	0.0	1
PTAC with gas coil	secondary_school	0.0	0.0	0.0	1
PTAC with gas coil	small_hotel	0.0	0.0	0.0	1
PTAC with gas coil	small_office	0.0	0.0	0.0	1
PTAC with gas coil	strip_mall	0.0	0.0	0.0	1
PTAC with gas coil	warehouse	0.0	0.0	0.0	1
PTAC with gas unit heaters	full_service_restaurant	0.0	0.0	0.0	1
PTAC with gas unit heaters	hospital	0.0	0.0	0.0	1
PTAC with gas unit heaters	large_hotel	0.0	0.0	0.0	1
PTAC with gas unit heaters	large_office	0.0	0.0	0.0	1
PTAC with gas unit heaters	medium_office	0.0	0.0	0.0	1
PTAC with gas unit heaters	midrise_apartment	0.0	0.0	0.0	1
PTAC with gas unit heaters	outpatient	0.0	0.0	0.0	1
PTAC with gas unit heaters	primary_school	0.0	0.0	0.0	1
PTAC with gas unit heaters	quick_service_restaurant	0.0	0.0	0.0	1
PTAC with gas unit heaters	retail	0.0	0.0	0.0	1
PTAC with gas unit heaters	secondary_school	0.0	0.0	0.0	1
PTAC with gas unit heaters	small_hotel	0.0	0.0	0.0	1
PTAC with gas unit heaters	small_office	0.0	0.0	0.0	1
PTAC with gas unit heaters	strip_mall	0.0	0.0	0.0	1
PTAC with gas unit heaters	warehouse	0.0	0.0	0.0	1
PTAC with no heat	full_service_restaurant	0.0	0.0	0.0	1
PTAC with no heat	hospital	0.0	0.0	0.0	1
PTAC with no heat	large_hotel	0.0	0.0	0.0	1
PTAC with no heat	large_office	0.0	0.0	0.0	1
PTAC with no heat	medium_office	0.0	0.0	0.0	1
PTAC with no heat	midrise_apartment	0.0	0.0	0.0	1
PTAC with no heat	outpatient	0.0	0.0	0.0	1
PTAC with no heat	primary_school	0.0	0.0	0.0	1
PTAC with no heat	quick_service_restaurant	0.0	0.0	0.0	1
PTAC with no heat	retail	0.0	0.0	0.0	1
PTAC with no heat	secondary_school	0.0	0.0	0.0	1
PTAC with no heat	small_hotel	0.0	0.0	0.0	1
PTAC with no heat	small_office	0.0	0.0	0.0	1
PTAC with no heat	strip_mall	0.0	0.0	0.0	1
PTAC with no heat	warehouse	0.0	0.0	0.0	1
PTHP	full_service_restaurant	0.0	0.0	0.0	1
PTHP	hospital	0.0	0.0	0.0	1
PTHP	large_hotel	0.0	0.0	0.0	1
PTHP	large_office	0.0	0.0	0.0	1
PTHP	medium_office	0.0	0.0	0.0	1
PTHP	midrise_apartment	0.0	0.0	0.0	1
PTHP	outpatient	0.0	0.0	0.0	1
PTHP	primary_school	0.0	0.0	0.0	1
PTHP	quick_service_restaurant	0.0	0.0	0.0	1
PTHP	retail	0.0	0.0	0.0	1
PTHP	secondary_school	0.0	0.0	0.0	1
PTHP	small_hotel	0.0	0.0	0.0	1
PTHP	small_office	0.0	0.0	0.0	1
PTHP	strip_mall	0.0	0.0	0.0	1
PTHP	warehouse	0.0	0.0	0.0	1
PVAV with PFP boxes	full_service_restaurant	0.36	0.54	0.1	0
PVAV with PFP boxes	hospital	0.0	0.0	0.0	1
PVAV with PFP boxes	large_hotel	0.0	0.0	0.0	1
PVAV with PFP boxes	large_office	0.54	0.35	0.11	0
PVAV with PFP boxes	medium_office	0.54	0.35	0.11	0
PVAV with PFP boxes	midrise_apartment	0.0	0.0	0.0	1
PVAV with PFP boxes	outpatient	0.27	0.5	0.23	0
PVAV with PFP boxes	primary_school	0.0	0.0	0.0	1
PVAV with PFP boxes	quick_service_restaurant	0.36	0.54	0.1	0
PVAV with PFP boxes	retail	0.14	0.56	0.3	0
PVAV with PFP boxes	secondary_school	0.0	0.0	0.0	1
PVAV with PFP boxes	small_hotel	0.0	0.0	0.0	1
PVAV with PFP boxes	small_office	0.54	0.35	0.11	0
PVAV with PFP boxes	strip_mall	0.14	0.56	0.3	0
PVAV with PFP boxes	warehouse	0.27	0.5	0.23	0
PVAV with district hot water reheat	full_service_restaurant	0.36	0.54	0.1	0
PVAV with district hot water reheat	hospital	0.0	0.0	0.0	1
PVAV with district hot water reheat	large_hotel	0.0	0.0	0.0	1
PVAV with district hot water reheat	large_office	0.54	0.35	0.11	0
PVAV with district hot water reheat	medium_office	0.54	0.35	0.11	0
PVAV with district hot water reheat	midrise_apartment	0.0	0.0	0.0	1
PVAV with district hot water reheat	outpatient	0.27	0.5	0.23	0
PVAV with district hot water reheat	primary_school	0.0	0.0	0.0	1
PVAV with district hot water reheat	quick_service_restaurant	0.36	0.54	0.1	0
PVAV with district hot water reheat	retail	0.14	0.56	0.3	0
PVAV with district hot water reheat	secondary_school	0.0	0.0	0.0	1
PVAV with district hot water reheat	small_hotel	0.0	0.0	0.0	1
PVAV with district hot water reheat	small_office	0.54	0.35	0.11	0
PVAV with district hot water reheat	strip_mall	0.14	0.56	0.3	0
PVAV with district hot water reheat	warehouse	0.27	0.5	0.23	0
PVAV with gas boiler reheat	full_service_restaurant	0.36	0.54	0.1	0
PVAV with gas boiler reheat	hospital	0.0	0.0	0.0	1
PVAV with gas boiler reheat	large_hotel	0.0	0.0	0.0	1
PVAV with gas boiler reheat	large_office	0.54	0.35	0.11	0
PVAV with gas boiler reheat	medium_office	0.54	0.35	0.11	0
PVAV with gas boiler reheat	midrise_apartment	0.0	0.0	0.0	1
PVAV with gas boiler reheat	outpatient	0.27	0.5	0.23	0
PVAV with gas boiler reheat	primary_school	0.0	0.0	0.0	1
PVAV with gas boiler reheat	quick_service_restaurant	0.36	0.54	0.1	0
PVAV with gas boiler reheat	retail	0.14	0.56	0.3	0
PVAV with gas boiler reheat	secondary_school	0.0	0.0	0.0	1
PVAV with gas boiler reheat	small_hotel	0.0	0.0	0.0	1
PVAV with gas boiler reheat	small_office	0.54	0.35	0.11	0
PVAV with gas boiler reheat	strip_mall	0.14	0.56	0.3	0
PVAV with gas boiler reheat	warehouse	0.27	0.5	0.23	0
PVAV with gas heat with electric reheat	full_service_restaurant	0.36	0.54	0.1	0
PVAV with gas heat with electric reheat	hospital	0.0	0.0	0.0	1
PVAV with gas heat with electric reheat	large_hotel	0.0	0.0	0.0	1
PVAV with gas heat with electric reheat	large_office	0.54	0.35	0.11	0
PVAV with gas heat with electric reheat	medium_office	0.54	0.35	0.11	0
PVAV with gas heat with electric reheat	midrise_apartment	0.0	0.0	0.0	1
PVAV with gas heat with electric reheat	outpatient	0.27	0.5	0.23	0
PVAV with gas heat with electric reheat	primary_school	0.0	0.0	0.0	1
PVAV with gas heat with electric reheat	quick_service_restaurant	0.36	0.54	0.1	0
PVAV with gas heat with electric reheat	retail	0.14	0.56	0.3	0
PVAV with gas heat with electric reheat	secondary_school	0.0	0.0	0.0	1
PVAV with gas heat with electric reheat	small_hotel	0.0	0.0	0.0	1
PVAV with gas heat with electric reheat	small_office	0.54	0.35	0.11	0
PVAV with gas heat with electric reheat	strip_mall	0.14	0.56	0.3	0
PVAV with gas heat with electric reheat	warehouse	0.27	0.5	0.23	0
Residential AC with baseboard gas boiler	full_service_restaurant	0.0	0.0	0.0	1
Residential AC with baseboard gas boiler	hospital	0.0	0.0	0.0	1
Residential AC with baseboard gas boiler	large_hotel	0.0	0.0	0.0	1
Residential AC with baseboard gas boiler	large_office	0.0	0.0	0.0	1
Residential AC with baseboard gas boiler	medium_office	0.0	0.0	0.0	1
Residential AC with baseboard gas boiler	midrise_apartment	0.0	0.0	0.0	1
Residential AC with baseboard gas boiler	outpatient	0.0	0.0	0.0	1
Residential AC with baseboard gas boiler	primary_school	0.0	0.0	0.0	1
Residential AC with baseboard gas boiler	quick_service_restaurant	0.0	0.0	0.0	1
Residential AC with baseboard gas boiler	retail	0.0	0.0	0.0	1
Residential AC with baseboard gas boiler	secondary_school	0.0	0.0	0.0	1
Residential AC with baseboard gas boiler	small_hotel	0.0	0.0	0.0	1
Residential AC with baseboard gas boiler	small_office	0.0	0.0	0.0	1
Residential AC with baseboard gas boiler	strip_mall	0.0	0.0	0.0	1
Residential AC with baseboard gas boiler	warehouse	0.0	0.0	0.0	1
Residential AC with baseboard electric	full_service_restaurant	0.0	0.0	0.0	1
Residential AC with baseboard electric	hospital	0.0	0.0	0.0	1
Residential AC with baseboard electric	large_hotel	0.0	0.0	0.0	1
Residential AC with baseboard electric	large_office	0.0	0.0	0.0	1
Residential AC with baseboard electric	medium_office	0.0	0.0	0.0	1
Residential AC with baseboard electric	midrise_apartment	0.0	0.0	0.0	1
Residential AC with baseboard electric	outpatient	0.0	0.0	0.0	1
Residential AC with baseboard electric	primary_school	0.0	0.0	0.0	1
Residential AC with baseboard electric	quick_service_restaurant	0.0	0.0	0.0	1
Residential AC with baseboard electric	retail	0.0	0.0	0.0	1
Residential AC with baseboard electric	secondary_school	0.0	0.0	0.0	1
Residential AC with baseboard electric	small_hotel	0.0	0.0	0.0	1
Residential AC with baseboard electric	small_office	0.0	0.0	0.0	1
Residential AC with baseboard electric	strip_mall	0.0	0.0	0.0	1
Residential AC with baseboard electric	warehouse	0.0	0.0	0.0	1
Residential AC with no heat	full_service_restaurant	0.0	0.0	0.0	1
Residential AC with no heat	hospital	0.0	0.0	0.0	1
Residential AC with no heat	large_hotel	0.0	0.0	0.0	1
Residential AC with no heat	large_office	0.0	0.0	0.0	1
Residential AC with no heat	medium_office	0.0	0.0	0.0	1
Residential AC with no heat	midrise_apartment	0.0	0.0	0.0	1
Residential AC with no heat	outpatient	0.0	0.0	0.0	1
Residential AC with no heat	primary_school	0.0	0.0	0.0	1
Residential AC with no heat	quick_service_restaurant	0.0	0.0	0.0	1
Residential AC with no heat	retail	0.0	0.0	0.0	1
Residential AC with no heat	secondary_school	0.0	0.0	0.0	1
Residential AC with no heat	small_hotel	0.0	0.0	0.0	1
Residential AC with no heat	small_office	0.0	0.0	0.0	1
Residential AC with no heat	strip_mall	0.0	0.0	0.0	1
Residential AC with no heat	warehouse	0.0	0.0	0.0	1
Residential AC with residential forced air furnace	full_service_restaurant	0.0	0.0	0.0	1
Residential AC with residential forced air furnace	hospital	0.0	0.0	0.0	1
Residential AC with residential forced air furnace	large_hotel	0.0	0.0	0.0	1
Residential AC with residential forced air furnace	large_office	0.0	0.0	0.0	1
Residential AC with residential forced air furnace	medium_office	0.0	0.0	0.0	1
Residential AC with residential forced air furnace	midrise_apartment	0.0	0.0	0.0	1
Residential AC with residential forced air furnace	outpatient	0.0	0.0	0.0	1
Residential AC with residential forced air furnace	primary_school	0.0	0.0	0.0	1
Residential AC with residential forced air furnace	quick_service_restaurant	0.0	0.0	0.0	1
Residential AC with residential forced air furnace	retail	0.0	0.0	0.0	1
Residential AC with residential forced air furnace	secondary_school	0.0	0.0	0.0	1
Residential AC with residential forced air furnace	small_hotel	0.0	0.0	0.0	1
Residential AC with residential forced air furnace	small_office	0.0	0.0	0.0	1
Residential AC with residential forced air furnace	strip_mall	0.0	0.0	0.0	1
Residential AC with residential forced air furnace	warehouse	0.0	0.0	0.0	1
Residential forced air furnace	full_service_restaurant	0.0	0.0	0.0	1
Residential forced air furnace	hospital	0.0	0.0	0.0	1
Residential forced air furnace	large_hotel	0.0	0.0	0.0	1
Residential forced air furnace	large_office	0.0	0.0	0.0	1
Residential forced air furnace	medium_office	0.0	0.0	0.0	1
Residential forced air furnace	midrise_apartment	0.0	0.0	0.0	1
Residential forced air furnace	outpatient	0.0	0.0	0.0	1
Residential forced air furnace	primary_school	0.0	0.0	0.0	1
Residential forced air furnace	quick_service_restaurant	0.0	0.0	0.0	1
Residential forced air furnace	retail	0.0	0.0	0.0	1
Residential forced air furnace	secondary_school	0.0	0.0	0.0	1
Residential forced air furnace	small_hotel	0.0	0.0	0.0	1
Residential forced air furnace	small_office	0.0	0.0	0.0	1
Residential forced air furnace	strip_mall	0.0	0.0	0.0	1
Residential forced air furnace	warehouse	0.0	0.0	0.0	1
VAV air-cooled chiller with PFP boxes	full_service_restaurant	0.36	0.54	0.1	0
VAV air-cooled chiller with PFP boxes	hospital	0.0	0.0	0.0	1
VAV air-cooled chiller with PFP boxes	large_hotel	0.0	0.0	0.0	1
VAV air-cooled chiller with PFP boxes	large_office	0.54	0.35	0.11	0
VAV air-cooled chiller with PFP boxes	medium_office	0.54	0.35	0.11	0
VAV air-cooled chiller with PFP boxes	midrise_apartment	0.0	0.0	0.0	1
VAV air-cooled chiller with PFP boxes	outpatient	0.27	0.5	0.23	0
VAV air-cooled chiller with PFP boxes	primary_school	0.0	0.0	0.0	1
VAV air-cooled chiller with PFP boxes	quick_service_restaurant	0.36	0.54	0.1	0
VAV air-cooled chiller with PFP boxes	retail	0.14	0.56	0.3	0
VAV air-cooled chiller with PFP boxes	secondary_school	0.0	0.0	0.0	1
VAV air-cooled chiller with PFP boxes	small_hotel	0.0	0.0	0.0	1
VAV air-cooled chiller with PFP boxes	small_office	0.54	0.35	0.11	0
VAV air-cooled chiller with PFP boxes	strip_mall	0.14	0.56	0.3	0
VAV air-cooled chiller with PFP boxes	warehouse	0.27	0.5	0.23	0
VAV air-cooled chiller with gas boiler reheat	full_service_restaurant	0.36	0.54	0.1	0
VAV air-cooled chiller with gas boiler reheat	hospital	0.0	0.0	0.0	1
VAV air-cooled chiller with gas boiler reheat	large_hotel	0.0	0.0	0.0	1
VAV air-cooled chiller with gas boiler reheat	large_office	0.54	0.35	0.11	0
VAV air-cooled chiller with gas boiler reheat	medium_office	0.54	0.35	0.11	0
VAV air-cooled chiller with gas boiler reheat	midrise_apartment	0.0	0.0	0.0	1
VAV air-cooled chiller with gas boiler reheat	outpatient	0.27	0.5	0.23	0
VAV air-cooled chiller with gas boiler reheat	primary_school	0.0	0.0	0.0	1
VAV air-cooled chiller with gas boiler reheat	quick_service_restaurant	0.36	0.54	0.1	0
VAV air-cooled chiller with gas boiler reheat	retail	0.14	0.56	0.3	0
VAV air-cooled chiller with gas boiler reheat	secondary_school	0.0	0.0	0.0	1
VAV air-cooled chiller with gas boiler reheat	small_hotel	0.0	0.0	0.0	1
VAV air-cooled chiller with gas boiler reheat	small_office	0.54	0.35	0.11	0
VAV air-cooled chiller with gas boiler reheat	strip_mall	0.14	0.56	0.3	0
VAV air-cooled chiller with gas boiler reheat	warehouse	0.27	0.5	0.23	0
VAV air-cooled chiller with district hot water reheat	full_service_restaurant	0.36	0.54	0.1	0
VAV air-cooled chiller with district hot water reheat	hospital	0.0	0.0	0.0	1
VAV air-cooled chiller with district hot water reheat	large_hotel	0.0	0.0	0.0	1
VAV air-cooled chiller with district hot water reheat	large_office	0.54	0.35	0.11	0
VAV air-cooled chiller with district hot water reheat	medium_office	0.54	0.35	0.11	0
VAV air-cooled chiller with district hot water reheat	midrise_apartment	0.0	0.0	0.0	1
VAV air-cooled chiller with district hot water reheat	outpatient	0.27	0.5	0.23	0
VAV air-cooled chiller with district hot water reheat	primary_school	0.0	0.0	0.0	1
VAV air-cooled chiller with district hot water reheat	quick_service_restaurant	0.36	0.54	0.1	0
VAV air-cooled chiller with district hot water reheat	retail	0.14	0.56	0.3	0
VAV air-cooled chiller with district hot water reheat	secondary_school	0.0	0.0	0.0	1
VAV air-cooled chiller with district hot water reheat	small_hotel	0.0	0.0	0.0	1
VAV air-cooled chiller with district hot water reheat	small_office	0.54	0.35	0.11	0
VAV air-cooled chiller with district hot water reheat	strip_mall	0.14	0.56	0.3	0
VAV air-cooled chiller with district hot water reheat	warehouse	0.27	0.5	0.23	0
VAV chiller with PFP boxes	full_service_restaurant	0.36	0.54	0.1	0
VAV chiller with PFP boxes	hospital	0.0	0.0	0.0	1
VAV chiller with PFP boxes	large_hotel	0.0	0.0	0.0	1
VAV chiller with PFP boxes	large_office	0.54	0.35	0.11	0
VAV chiller with PFP boxes	medium_office	0.54	0.35	0.11	0
VAV chiller with PFP boxes	midrise_apartment	0.0	0.0	0.0	1
VAV chiller with PFP boxes	outpatient	0.27	0.5	0.23	0
VAV chiller with PFP boxes	primary_school	0.0	0.0	0.0	1
VAV chiller with PFP boxes	quick_service_restaurant	0.36	0.54	0.1	0
VAV chiller with PFP boxes	retail	0.14	0.56	0.3	0
VAV chiller with PFP boxes	secondary_school	0.0	0.0	0.0	1
VAV chiller with PFP boxes	small_hotel	0.0	0.0	0.0	1
VAV chiller with PFP boxes	small_office	0.54	0.35	0.11	0
VAV chiller with PFP boxes	strip_mall	0.14	0.56	0.3	0
VAV chiller with PFP boxes	warehouse	0.27	0.5	0.23	0
VAV chiller with district hot water reheat	full_service_restaurant	0.36	0.54	0.1	0
VAV chiller with district hot water reheat	hospital	0.0	0.0	0.0	1
VAV chiller with district hot water reheat	large_hotel	0.0	0.0	0.0	1
VAV chiller with district hot water reheat	large_office	0.54	0.35	0.11	0
VAV chiller with district hot water reheat	medium_office	0.54	0.35	0.11	0
VAV chiller with district hot water reheat	midrise_apartment	0.0	0.0	0.0	1
VAV chiller with district hot water reheat	outpatient	0.27	0.5	0.23	0
VAV chiller with district hot water reheat	primary_school	0.0	0.0	0.0	1
VAV chiller with district hot water reheat	quick_service_restaurant	0.36	0.54	0.1	0
VAV chiller with district hot water reheat	retail	0.14	0.56	0.3	0
VAV chiller with district hot water reheat	secondary_school	0.0	0.0	0.0	1
VAV chiller with district hot water reheat	small_hotel	0.0	0.0	0.0	1
VAV chiller with district hot water reheat	small_office	0.54	0.35	0.11	0
VAV chiller with district hot water reheat	strip_mall	0.14	0.56	0.3	0
VAV chiller with district hot water reheat	warehouse	0.27	0.5	0.23	0
VAV chiller with gas boiler reheat	full_service_restaurant	0.36	0.54	0.1	0
VAV chiller with gas boiler reheat	hospital	0.0	0.0	0.0	1
VAV chiller with gas boiler reheat	large_hotel	0.0	0.0	0.0	1
VAV chiller with gas boiler reheat	large_office	0.54	0.35	0.11	0
VAV chiller with gas boiler reheat	medium_office	0.54	0.35	0.11	0
VAV chiller with gas boiler reheat	midrise_apartment	0.0	0.0	0.0	1
VAV chiller with gas boiler reheat	outpatient	0.27	0.5	0.23	0
VAV chiller with gas boiler reheat	primary_school	0.0	0.0	0.0	1
VAV chiller with gas boiler reheat	quick_service_restaurant	0.36	0.54	0.1	0
VAV chiller with gas boiler reheat	retail	0.14	0.56	0.3	0
VAV chiller with gas boiler reheat	secondary_school	0.0	0.0	0.0	1
VAV chiller with gas boiler reheat	small_hotel	0.0	0.0	0.0	1
VAV chiller with gas boiler reheat	small_office	0.54	0.35	0.11	0
VAV chiller with gas boiler reheat	strip_mall	0.14	0.56	0.3	0
VAV chiller with gas boiler reheat	warehouse	0.27	0.5	0.23	0
VAV chiller with gas coil reheat	full_service_restaurant	0.36	0.54	0.1	0
VAV chiller with gas coil reheat	hospital	0.0	0.0	0.0	1
VAV chiller with gas coil reheat	large_hotel	0.0	0.0	0.0	1
VAV chiller with gas coil reheat	large_office	0.54	0.35	0.11	0
VAV chiller with gas coil reheat	medium_office	0.54	0.35	0.11	0
VAV chiller with gas coil reheat	midrise_apartment	0.0	0.0	0.0	1
VAV chiller with gas coil reheat	outpatient	0.27	0.5	0.23	0
VAV chiller with gas coil reheat	primary_school	0.0	0.0	0.0	1
VAV chiller with gas coil reheat	quick_service_restaurant	0.36	0.54	0.1	0
VAV chiller with gas coil reheat	retail	0.14	0.56	0.3	0
VAV chiller with gas coil reheat	secondary_school	0.0	0.0	0.0	1
VAV chiller with gas coil reheat	small_hotel	0.0	0.0	0.0	1
VAV chiller with gas coil reheat	small_office	0.54	0.35	0.11	0
VAV chiller with gas coil reheat	strip_mall	0.14	0.56	0.3	0
VAV chiller with gas coil reheat	warehouse	0.27	0.5	0.23	0
VAV chiller with no reheat with baseboard electric	full_service_restaurant	0.36	0.54	0.1	0
VAV chiller with no reheat with baseboard electric	hospital	0.0	0.0	0.0	1
VAV chiller with no reheat with baseboard electric	large_hotel	0.0	0.0	0.0	1
VAV chiller with no reheat with baseboard electric	large_office	0.54	0.35	0.11	0
VAV chiller with no reheat with baseboard electric	medium_office	0.54	0.35	0.11	0
VAV chiller with no reheat with baseboard electric	midrise_apartment	0.0	0.0	0.0	1
VAV chiller with no reheat with baseboard electric	outpatient	0.27	0.5	0.23	0
VAV chiller with no reheat with baseboard electric	primary_school	0.0	0.0	0.0	1
VAV chiller with no reheat with baseboard electric	quick_service_restaurant	0.36	0.54	0.1	0
VAV chiller with no reheat with baseboard electric	retail	0.14	0.56	0.3	0
VAV chiller with no reheat with baseboard electric	secondary_school	0.0	0.0	0.0	1
VAV chiller with no reheat with baseboard electric	small_hotel	0.0	0.0	0.0	1
VAV chiller with no reheat with baseboard electric	small_office	0.54	0.35	0.11	0
VAV chiller with no reheat with baseboard electric	strip_mall	0.14	0.56	0.3	0
VAV chiller with no reheat with baseboard electric	warehouse	0.27	0.5	0.23	0
VAV district chilled water with PFP boxes	full_service_restaurant	0.36	0.54	0.1	0
VAV district chilled water with PFP boxes	hospital	0.0	0.0	0.0	1
VAV district chilled water with PFP boxes	large_hotel	0.0	0.0	0.0	1
VAV district chilled water with PFP boxes	large_office	0.54	0.35	0.11	0
VAV district chilled water with PFP boxes	medium_office	0.54	0.35	0.11	0
VAV district chilled water with PFP boxes	midrise_apartment	0.0	0.0	0.0	1
VAV district chilled water with PFP boxes	outpatient	0.27	0.5	0.23	0
VAV district chilled water with PFP boxes	primary_school	0.0	0.0	0.0	1
VAV district chilled water with PFP boxes	quick_service_restaurant	0.36	0.54	0.1	0
VAV district chilled water with PFP boxes	retail	0.14	0.56	0.3	0
VAV district chilled water with PFP boxes	secondary_school	0.0	0.0	0.0	1
VAV district chilled water with PFP boxes	small_hotel	0.0	0.0	0.0	1
VAV district chilled water with PFP boxes	small_office	0.54	0.35	0.11	0
VAV district chilled water with PFP boxes	strip_mall	0.14	0.56	0.3	0
VAV district chilled water with PFP boxes	warehouse	0.27	0.5	0.23	0
VAV district chilled water with district hot water reheat	full_service_restaurant	0.36	0.54	0.1	0
VAV district chilled water with district hot water reheat	hospital	0.0	0.0	0.0	1
VAV district chilled water with district hot water reheat	large_hotel	0.0	0.0	0.0	1
VAV district chilled water with district hot water reheat	large_office	0.54	0.35	0.11	0
VAV district chilled water with district hot water reheat	medium_office	0.54	0.35	0.11	0
VAV district chilled water with district hot water reheat	midrise_apartment	0.0	0.0	0.0	1
VAV district chilled water with district hot water reheat	outpatient	0.27	0.5	0.23	0
VAV district chilled water with district hot water reheat	primary_school	0.0	0.0	0.0	1
VAV district chilled water with district hot water reheat	quick_service_restaurant	0.36	0.54	0.1	0
VAV district chilled water with district hot water reheat	retail	0.14	0.56	0.3	0
VAV district chilled water with district hot water reheat	secondary_school	0.0	0.0	0.0	1
VAV district chilled water with district hot water reheat	small_hotel	0.0	0.0	0.0	1
VAV district chilled water with district hot water reheat	small_office	0.54	0.35	0.11	0
VAV district chilled water with district hot water reheat	strip_mall	0.14	0.56	0.3	0
VAV district chilled water with district hot water reheat	warehouse	0.27	0.5	0.23	0
VAV district chilled water with gas boiler reheat	full_service_restaurant	0.36	0.54	0.1	0
VAV district chilled water with gas boiler reheat	hospital	0.0	0.0	0.0	1
VAV district chilled water with gas boiler reheat	large_hotel	0.0	0.0	0.0	1
VAV district chilled water with gas boiler reheat	large_office	0.54	0.35	0.11	0
VAV district chilled water with gas boiler reheat	medium_office	0.54	0.35	0.11	0
VAV district chilled water with gas boiler reheat	midrise_apartment	0.0	0.0	0.0	1
VAV district chilled water with gas boiler reheat	outpatient	0.27	0.5	0.23	0
VAV district chilled water with gas boiler reheat	primary_school	0.0	0.0	0.0	1
VAV district chilled water with gas boiler reheat	quick_service_restaurant	0.36	0.54	0.1	0
VAV district chilled water with gas boiler reheat	retail	0.14	0.56	0.3	0
VAV district chilled water with gas boiler reheat	secondary_school	0.0	0.0	0.0	1
VAV district chilled water with gas boiler reheat	small_hotel	0.0	0.0	0.0	1
VAV district chilled water with gas boiler reheat	small_office	0.54	0.35	0.11	0
VAV district chilled water with gas boiler reheat	strip_mall	0.14	0.56	0.3	0
VAV district chilled water with gas boiler reheat	warehouse	0.27	0.5	0.23	0
Water source heat pumps cooling tower with boiler	full_service_restaurant	0.0	0.0	0.0	1
Water source heat pumps cooling tower with boiler	hospital	0.0	0.0	0.0	1
Water source heat pumps cooling tower with boiler	large_hotel	0.0	0.0	0.0	1
Water source heat pumps cooling tower with boiler	large_office	0.0	0.0	0.0	1
Water source heat pumps cooling tower with boiler	medium_office	0.0	0.0	0.0	1
Water source heat pumps cooling tower with boiler	midrise_apartment	0.0	0.0	0.0	1
Water source heat pumps cooling tower with boiler	outpatient	0.0	0.0	0.0	1
Water source heat pumps cooling tower with boiler	primary_school	0.0	0.0	0.0	1
Water source heat pumps cooling tower with boiler	quick_service_restaurant	0.0	0.0	0.0	1
Water source heat pumps cooling tower with boiler	retail	0.0	0.0	0.0	1
Water source heat pumps cooling tower with boiler	secondary_school	0.0	0.0	0.0	1
Water source heat pumps cooling tower with boiler	small_hotel	0.0	0.0	0.0	1
Water source heat pumps cooling tower with boiler	small_office	0.0	0.0	0.0	1
Water source heat pumps cooling tower with boiler	strip_mall	0.0	0.0	0.0	1
Water source heat pumps cooling tower with boiler	warehouse	0.0	0.0	0.0	1
Water source heat pumps fluid cooler with boiler	full_service_restaurant	0.0	0.0	0.0	1
Water source heat pumps fluid cooler with boiler	hospital	0.0	0.0	0.0	1
Water source heat pumps fluid cooler with boiler	large_hotel	0.0	0.0	0.0	1
Water source heat pumps fluid cooler with boiler	large_office	0.0	0.0	0.0	1
Water source heat pumps fluid cooler with boiler	medium_office	0.0	0.0	0.0	1
Water source heat pumps fluid cooler with boiler	midrise_apartment	0.0	0.0	0.0	1
Water source heat pumps fluid cooler with boiler	outpatient	0.0	0.0	0.0	1
Water source heat pumps fluid cooler with boiler	primary_school	0.0	0.0	0.0	1
Water source heat pumps fluid cooler with boiler	quick_service_restaurant	0.0	0.0	0.0	1
Water source heat pumps fluid cooler with boiler	retail	0.0	0.0	0.0	1
Water source heat pumps fluid cooler with boiler	secondary_school	0.0	0.0	0.0	1
Water source heat pumps fluid cooler with boiler	small_hotel	0.0	0.0	0.0	1
Water source heat pumps fluid cooler with boiler	small_office	0.0	0.0	0.0	1
Water source heat pumps fluid cooler with boiler	strip_mall	0.0	0.0	0.0	1
Water source heat pumps fluid cooler with boiler	warehouse	0.0	0.0	0.0	1
Water source heat pumps with ground source heat pump	full_service_restaurant	0.0	0.0	0.0	1
Water source heat pumps with ground source heat pump	hospital	0.0	0.0	0.0	1
Water source heat pumps with ground source heat pump	large_hotel	0.0	0.0	0.0	1
Water source heat pumps with ground source heat pump	large_office	0.0	0.0	0.0	1
Water source heat pumps with ground source heat pump	medium_office	0.0	0.0	0.0	1
Water source heat pumps with ground source heat pump	midrise_apartment	0.0	0.0	0.0	1
Water source heat pumps with ground source heat pump	outpatient	0.0	0.0	0.0	1
Water source heat pumps with ground source heat pump	primary_school	0.0	0.0	0.0	1
Water source heat pumps with ground source heat pump	quick_service_restaurant	0.0	0.0	0.0	1
Water source heat pumps with ground source heat pump	retail	0.0	0.0	0.0	1
Water source heat pumps with ground source heat pump	secondary_school	0.0	0.0	0.0	1
Water source heat pumps with ground source heat pump	small_hotel	0.0	0.0	0.0	1
Water source heat pumps with ground source heat pump	small_office	0.0	0.0	0.0	1
Water source heat pumps with ground source heat pump	strip_mall	0.0	0.0	0.0	1
Water source heat pumps with ground source heat pump	warehouse	0.0	0.0	0.0	1
Baseboard district hot water	grocery	0.0	0.0	0.0	1
Baseboard electric	grocery	0.0	0.0	0.0	1
Baseboard gas boiler	grocery	0.0	0.0	0.0	1
DOAS with VRF	grocery	0.0	0.0	0.0	1
DOAS with fan coil air-cooled chiller with boiler	grocery	0.0	0.0	0.0	1
DOAS with fan coil air-cooled chiller with baseboard electric	grocery	0.0	0.0	0.0	1
DOAS with fan coil air-cooled chiller with district hot water	grocery	0.0	0.0	0.0	1
DOAS with fan coil chiller with boiler	grocery	0.0	0.0	0.0	1
DOAS with fan coil chiller with district hot water	grocery	0.0	0.0	0.0	1
DOAS with fan coil district chilled water with district hot water	grocery	0.0	0.0	0.0	1
DOAS with fan coil district chilled water with district baseboard electric	grocery	0.0	0.0	0.0	1
DOAS with fan coil district chilled water with boiler	grocery	0.0	0.0	0.0	1
DOAS with fan coil district chilled water with baseboard electric	grocery	0.0	0.0	0.0	1
DOAS with water source heat pumps cooling tower with boiler	grocery	0.0	0.0	0.0	1
DOAS with water source heat pumps district chilled water with district hot water	grocery	0.0	0.0	0.0	1
DOAS with water source heat pumps with ground source heat pump	grocery	0.0	0.0	0.0	1
DOAS with fan coil chiller with baseboard electric	grocery	0.0	0.0	0.0	1
Direct evap coolers with baseboard electric	grocery	0.0	0.0	0.0	1
Direct evap coolers with forced air furnace	grocery	0.0	0.0	0.0	1
Direct evap coolers with baseboard gas boiler	grocery	0.0	0.0	0.0	1
Direct evap coolers with gas unit heaters	grocery	0.0	0.0	0.0	1
Direct evap coolers with no heat	grocery	0.0	0.0	0.0	1
Fan coil air-cooled chiller with baseboard electric	grocery	0.0	0.0	0.0	1
Fan coil air-cooled chiller with boiler	grocery	0.0	0.0	0.0	1
Fan coil air-cooled chiller with no heat	grocery	0.0	0.0	0.0	1
Fan coil chiller with baseboard electric	grocery	0.0	0.0	0.0	1
Fan coil chiller with boiler	grocery	0.0	0.0	0.0	1
Fan coil chiller with district hot water	grocery	0.0	0.0	0.0	1
Fan coil chiller with no heat	grocery	0.0	0.0	0.0	1
Fan coil district chilled water with boiler	grocery	0.0	0.0	0.0	1
Fan coil district chilled water with district hot water	grocery	0.0	0.0	0.0	1
Forced air furnace	grocery	0.0	0.0	0.0	1
Gas unit heaters	grocery	0.0	0.0	0.0	1
PSZ-AC district chilled water with district hot water	grocery	0.27	0.37	0.36	0
PSZ-AC district chilled water with gas boiler	grocery	0.27	0.37	0.36	0
PSZ-AC with baseboard district hot water	grocery	0.27	0.37	0.36	0
PSZ-AC district chilled water with electric coil	grocery	0.27	0.37	0.36	0
PSZ-AC with baseboard electric	grocery	0.27	0.37	0.36	0
PSZ-AC with baseboard gas boiler	grocery	0.27	0.37	0.36	0
PSZ-AC with district hot water	grocery	0.27	0.37	0.36	0
PSZ-AC with electric coil	grocery	0.27	0.37	0.36	0
PSZ-AC with gas boiler	grocery	0.27	0.37	0.36	0
PSZ-AC with gas coil	grocery	0.27	0.37	0.36	0
PSZ-AC with gas unit heaters	grocery	0.27	0.37	0.36	0
PSZ-AC with no heat	grocery	0.27	0.37	0.36	0
PSZ-HP	grocery	0.27	0.37	0.36	0
PTAC with baseboard district hot water	grocery	0.0	0.0	0.0	1
PTAC with baseboard electric	grocery	0.0	0.0	0.0	1
PTAC with baseboard gas boiler	grocery	0.0	0.0	0.0	1
PTAC with electric coil	grocery	0.0	0.0	0.0	1
PTAC with gas boiler	grocery	0.0	0.0	0.0	1
PTAC with gas coil	grocery	0.0	0.0	0.0	1
PTAC with gas unit heaters	grocery	0.0	0.0	0.0	1
PTAC with no heat	grocery	0.0	0.0	0.0	1
PTHP	grocery	0.0	0.0	0.0	1
PVAV with PFP boxes	grocery	0.27	0.37	0.36	0
PVAV with district hot water reheat	grocery	0.27	0.37	0.36	0
PVAV with gas boiler reheat	grocery	0.27	0.37	0.36	0
PVAV with gas heat with electric reheat	grocery	0.27	0.37	0.36	0
Residential AC with baseboard gas boiler	grocery	0.0	0.0	0.0	1
Residential AC with baseboard electric	grocery	0.0	0.0	0.0	1
Residential AC with no heat	grocery	0.0	0.0	0.0	1
Residential AC with residential forced air furnace	grocery	0.0	0.0	0.0	1
Residential forced air furnace	grocery	0.0	0.0	0.0	1
VAV air-cooled chiller with PFP boxes	grocery	0.27	0.37	0.36	0
VAV air-cooled chiller with gas boiler reheat	grocery	0.27	0.37	0.36	0
VAV air-cooled chiller with district hot water reheat	grocery	0.27	0.37	0.36	0
VAV chiller with PFP boxes	grocery	0.27	0.37	0.36	0
VAV chiller with district hot water reheat	grocery	0.27	0.37	0.36	0
VAV chiller with gas boiler reheat	grocery	0.27	0.37	0.36	0
VAV chiller with gas coil reheat	grocery	0.27	0.37	0.36	0
VAV chiller with no reheat with baseboard electric	grocery	0.27	0.37	0.36	0
VAV district chilled water with PFP boxes	grocery	0.27	0.37	0.36	0
VAV district chilled water with district hot water reheat	grocery	0.27	0.37	0.36	0
VAV district chilled water with gas boiler reheat	grocery	0.27	0.37	0.36	0
Water source heat pumps cooling tower with boiler	grocery	0.0	0.0	0.0	1
Water source heat pumps fluid cooler with boiler	grocery	0.0	0.0	0.0	1
Water source heat pumps with ground source heat pump	grocery	0.0	0.0	0.0	1
